Farm,Block,Treat,Nspecies,FSAGBkgha,FSAGBMgha,FSAGBN,FSWeedSup,FSAGBNF,FSNRET,Weeds,MF30,MF50,MF75,BD,Ninorg,PMNkg,PMC,fPOMMg,X.fPOM,fPOMN,fPOMC,C.NfPOM,oPOMMg,X.oPOM,oPOMN,oPOMC,C.NoPOM,X.N,X.C,CMg,NMg,SoilC.N,OM,POM.SOM,Pppm,Pkg,Kppm,Kkg,pH,CEC,sand,clay,silt.clay
A,1,1,3,3855.6,3.8556,96.2224897,4273.6,50.54698194,45.67550776,6612.8,3,2,1,1.1056,1.2769,23.0109,41.12,12.2805,0.5567,1.088,20.8057,19.349,8.1865,0.3711,1.4099,24.0099,24.7882,0.1506,1.255,27.6826,3.322,8.3331,1.9,0.4884,41,90.4371,74,163.228,6.2,5.4,66,28,34
A,2,1,3,5018.8,5.0188,121.9151889,2044.8,56.67679332,65.23839554,5714.8,3,2,0,1.1056,1.2769,23.0109,41.12,12.2805,0.5567,1.088,20.8057,19.349,8.1865,0.3711,1.4099,24.0099,24.7882,0.1506,1.255,27.6826,3.322,8.3331,1.9,0.4884,41,90.4371,74,163.228,6.2,5.4,66,28,34
A,3,1,3,1387.6,1.3876,32.59525214,-562.4,17.22465419,15.37059795,7783.6,1,0,0,1.1056,1.2769,23.0109,41.12,12.2805,0.5567,1.088,20.8057,19.349,8.1865,0.3711,1.4099,24.0099,24.7882,0.1506,1.255,27.6826,3.322,8.3331,1.9,0.4884,41,90.4371,74,163.228,6.2,5.4,66,28,34
A,4,1,3,5183.2,5.1832,117.5025221,3370,62.19888601,55.30363613,6019.2,3,3,0,1.1056,1.2769,23.0109,41.12,12.2805,0.5567,1.088,20.8057,19.349,8.1865,0.3711,1.4099,24.0099,24.7882,0.1506,1.255,27.6826,3.322,8.3331,1.9,0.4884,41,90.4371,74,163.228,6.2,5.4,66,28,34
A,1,2,3,2560.8,2.5608,107.210676,2524,51.59929979,55.61137618,6612.8,3,2,0,1.1056,1.2769,23.0109,41.12,12.2805,0.5567,1.088,20.8057,19.349,8.1865,0.3711,1.4099,24.0099,24.7882,0.1506,1.255,27.6826,3.322,8.3331,1.9,0.4884,41,90.4371,74,163.228,6.2,5.4,66,28,34
A,2,2,3,2083.6,2.0836,73.04411206,-437.2,37.08513722,35.95897484,5714.8,2,0,0,1.1056,1.2769,23.0109,41.12,12.2805,0.5567,1.088,20.8057,19.349,8.1865,0.3711,1.4099,24.0099,24.7882,0.1506,1.255,27.6826,3.322,8.3331,1.9,0.4884,41,90.4371,74,163.228,6.2,5.4,66,28,34
A,3,2,3,2023.6,2.0236,61.5912188,2170.8,28.52919382,33.06202498,7783.6,3,0,0,1.1056,1.2769,23.0109,41.12,12.2805,0.5567,1.088,20.8057,19.349,8.1865,0.3711,1.4099,24.0099,24.7882,0.1506,1.255,27.6826,3.322,8.3331,1.9,0.4884,41,90.4371,74,163.228,6.2,5.4,66,28,34
A,4,2,3,2760.4,2.7604,89.25599468,1166,45.41505626,43.84093842,6019.2,2,1,0,1.1056,1.2769,23.0109,41.12,12.2805,0.5567,1.088,20.8057,19.349,8.1865,0.3711,1.4099,24.0099,24.7882,0.1506,1.255,27.6826,3.322,8.3331,1.9,0.4884,41,90.4371,74,163.228,6.2,5.4,66,28,34
A,1,3,3,1941.6,1.9416,65.24,4050,,65.24,6612.8,2,2,0,1.1056,1.2769,23.0109,41.12,12.2805,0.5567,1.088,20.8057,19.349,8.1865,0.3711,1.4099,24.0099,24.7882,0.1506,1.255,27.6826,3.322,8.3331,1.9,0.4884,41,90.4371,74,163.228,6.2,5.4,66,28,34
A,2,3,3,4048,4.048,110.136378,2498.8,,110.136378,5714.8,2,1,0,1.1056,1.2769,23.0109,41.12,12.2805,0.5567,1.088,20.8057,19.349,8.1865,0.3711,1.4099,24.0099,24.7882,0.1506,1.255,27.6826,3.322,8.3331,1.9,0.4884,41,90.4371,74,163.228,6.2,5.4,66,28,34
A,3,3,3,3872.8,3.8728,125.35683,2494,,125.35683,7783.6,2,1,1,1.1056,1.2769,23.0109,41.12,12.2805,0.5567,1.088,20.8057,19.349,8.1865,0.3711,1.4099,24.0099,24.7882,0.1506,1.255,27.6826,3.322,8.3331,1.9,0.4884,41,90.4371,74,163.228,6.2,5.4,66,28,34
A,4,3,3,4562.4,4.5624,157.7282112,3634,,157.7282112,6019.2,2,2,1,1.1056,1.2769,23.0109,41.12,12.2805,0.5567,1.088,20.8057,19.349,8.1865,0.3711,1.4099,24.0099,24.7882,0.1506,1.255,27.6826,3.322,8.3331,1.9,0.4884,41,90.4371,74,163.228,6.2,5.4,66,28,34
A,1,4,2,1360.8,1.3608,42.94986305,1090,25.25471532,17.69514773,6612.8,2,0,0,1.1056,1.2769,23.0109,41.12,12.2805,0.5567,1.088,20.8057,19.349,8.1865,0.3711,1.4099,24.0099,24.7882,0.1506,1.255,27.6826,3.322,8.3331,1.9,0.4884,41,90.4371,74,163.228,6.2,5.4,66,28,34
A,2,4,2,2139.2,2.1392,58.14720589,835.2,27.85997564,30.28723025,5714.8,2,0,0,1.1056,1.2769,23.0109,41.12,12.2805,0.5567,1.088,20.8057,19.349,8.1865,0.3711,1.4099,24.0099,24.7882,0.1506,1.255,27.6826,3.322,8.3331,1.9,0.4884,41,90.4371,74,163.228,6.2,5.4,66,28,34
A,3,4,2,1167.6,1.1676,27.56425798,-299.6,4.569639464,22.99461851,7783.6,1,0,0,1.1056,1.2769,23.0109,41.12,12.2805,0.5567,1.088,20.8057,19.349,8.1865,0.3711,1.4099,24.0099,24.7882,0.1506,1.255,27.6826,3.322,8.3331,1.9,0.4884,41,90.4371,74,163.228,6.2,5.4,66,28,34
A,4,4,2,2088.4,2.0884,67.00705323,1510.8,34.09573028,32.91132295,6019.2,2,0,0,1.1056,1.2769,23.0109,41.12,12.2805,0.5567,1.088,20.8057,19.349,8.1865,0.3711,1.4099,24.0099,24.7882,0.1506,1.255,27.6826,3.322,8.3331,1.9,0.4884,41,90.4371,74,163.228,6.2,5.4,66,28,34
A,1,5,2,2876.8,2.8768,73.24652013,674.8,27.11894217,46.12757796,6612.8,2,0,0,1.1056,1.2769,23.0109,41.12,12.2805,0.5567,1.088,20.8057,19.349,8.1865,0.3711,1.4099,24.0099,24.7882,0.1506,1.255,27.6826,3.322,8.3331,1.9,0.4884,41,90.4371,74,163.228,6.2,5.4,66,28,34
A,2,5,2,5720.8,5.7208,120.2223053,3470,42.80104833,77.42125695,5714.8,3,3,0,1.1056,1.2769,23.0109,41.12,12.2805,0.5567,1.088,20.8057,19.349,8.1865,0.3711,1.4099,24.0099,24.7882,0.1506,1.255,27.6826,3.322,8.3331,1.9,0.4884,41,90.4371,74,163.228,6.2,5.4,66,28,34
A,3,5,2,2891.2,2.8912,60.1549416,4512,33.7422693,26.4126723,7783.6,3,1,1,1.1056,1.2769,23.0109,41.12,12.2805,0.5567,1.088,20.8057,19.349,8.1865,0.3711,1.4099,24.0099,24.7882,0.1506,1.255,27.6826,3.322,8.3331,1.9,0.4884,41,90.4371,74,163.228,6.2,5.4,66,28,34
A,4,5,2,4574.4,4.5744,99.81342251,2268,55.38089428,44.43252823,6019.2,3,1,0,1.1056,1.2769,23.0109,41.12,12.2805,0.5567,1.088,20.8057,19.349,8.1865,0.3711,1.4099,24.0099,24.7882,0.1506,1.255,27.6826,3.322,8.3331,1.9,0.4884,41,90.4371,74,163.228,6.2,5.4,66,28,34
A,1,7,2,8232.8,8.2328,113.4937251,2790,4.107125171,109.3866,6612.8,2,1,0,1.1056,1.2769,23.0109,41.12,12.2805,0.5567,1.088,20.8057,19.349,8.1865,0.3711,1.4099,24.0099,24.7882,0.1506,1.255,27.6826,3.322,8.3331,1.9,0.4884,41,90.4371,74,163.228,6.2,5.4,66,28,34
A,2,7,2,10916,10.916,155.5677853,3073.6,8.093184326,147.474601,5714.8,2,2,1,1.1056,1.2769,23.0109,41.12,12.2805,0.5567,1.088,20.8057,19.349,8.1865,0.3711,1.4099,24.0099,24.7882,0.1506,1.255,27.6826,3.322,8.3331,1.9,0.4884,41,90.4371,74,163.228,6.2,5.4,66,28,34
A,3,7,2,6152.4,6.1524,122.3170082,4087.6,1.815893661,120.5011145,7783.6,2,2,1,1.1056,1.2769,23.0109,41.12,12.2805,0.5567,1.088,20.8057,19.349,8.1865,0.3711,1.4099,24.0099,24.7882,0.1506,1.255,27.6826,3.322,8.3331,1.9,0.4884,41,90.4371,74,163.228,6.2,5.4,66,28,34
A,4,7,2,6004.4,6.0044,90.36102514,2696.8,15.24518288,75.11584226,6019.2,3,1,0,1.1056,1.2769,23.0109,41.12,12.2805,0.5567,1.088,20.8057,19.349,8.1865,0.3711,1.4099,24.0099,24.7882,0.1506,1.255,27.6826,3.322,8.3331,1.9,0.4884,41,90.4371,74,163.228,6.2,5.4,66,28,34
A,1,8,1,2918.4,2.9184,93.49184539,452.4,65.73339887,27.75844652,6612.8,2,1,0,1.1056,1.2769,23.0109,41.12,12.2805,0.5567,1.088,20.8057,19.349,8.1865,0.3711,1.4099,24.0099,24.7882,0.1506,1.255,27.6826,3.322,8.3331,1.9,0.4884,41,90.4371,74,163.228,6.2,5.4,66,28,34
A,2,8,1,2285.6,2.2856,77.25051828,1066.8,31.30186563,45.94865265,5714.8,2,0,0,1.1056,1.2769,23.0109,41.12,12.2805,0.5567,1.088,20.8057,19.349,8.1865,0.3711,1.4099,24.0099,24.7882,0.1506,1.255,27.6826,3.322,8.3331,1.9,0.4884,41,90.4371,74,163.228,6.2,5.4,66,28,34
A,3,8,1,1512.8,1.5128,50.04623305,4068.4,44.89065648,5.15557657,7783.6,2,2,0,1.1056,1.2769,23.0109,41.12,12.2805,0.5567,1.088,20.8057,19.349,8.1865,0.3711,1.4099,24.0099,24.7882,0.1506,1.255,27.6826,3.322,8.3331,1.9,0.4884,41,90.4371,74,163.228,6.2,5.4,66,28,34
A,4,8,1,3082,3.082,137.950714,2537.2,77.93105831,60.01965566,6019.2,3,2,0,1.1056,1.2769,23.0109,41.12,12.2805,0.5567,1.088,20.8057,19.349,8.1865,0.3711,1.4099,24.0099,24.7882,0.1506,1.255,27.6826,3.322,8.3331,1.9,0.4884,41,90.4371,74,163.228,6.2,5.4,66,28,34
A,1,9,1,9577.2,9.5772,119.5966533,4290.8,15.93209436,103.6645589,6612.8,3,2,1,1.1056,1.2769,23.0109,41.12,12.2805,0.5567,1.088,20.8057,19.349,8.1865,0.3711,1.4099,24.0099,24.7882,0.1506,1.255,27.6826,3.322,8.3331,1.9,0.4884,41,90.4371,74,163.228,6.2,5.4,66,28,34
A,2,9,1,10420,10.42,167.8052044,4238,,167.8052044,5714.8,2,2,1,1.1056,1.2769,23.0109,41.12,12.2805,0.5567,1.088,20.8057,19.349,8.1865,0.3711,1.4099,24.0099,24.7882,0.1506,1.255,27.6826,3.322,8.3331,1.9,0.4884,41,90.4371,74,163.228,6.2,5.4,66,28,34
A,3,9,1,4048.4,4.0484,78.23685119,1590.8,,78.23685119,7783.6,1,1,0,1.1056,1.2769,23.0109,41.12,12.2805,0.5567,1.088,20.8057,19.349,8.1865,0.3711,1.4099,24.0099,24.7882,0.1506,1.255,27.6826,3.322,8.3331,1.9,0.4884,41,90.4371,74,163.228,6.2,5.4,66,28,34
A,4,9,1,10116.8,10.1168,168.4474276,3266.8,,168.4474276,6019.2,2,2,1,1.1056,1.2769,23.0109,41.12,12.2805,0.5567,1.088,20.8057,19.349,8.1865,0.3711,1.4099,24.0099,24.7882,0.1506,1.255,27.6826,3.322,8.3331,1.9,0.4884,41,90.4371,74,163.228,6.2,5.4,66,28,34
A,1,10,1,1386.8,1.3868,44.76,1060,,44.76,6612.8,1,0,0,1.1056,1.2769,23.0109,41.12,12.2805,0.5567,1.088,20.8057,19.349,8.1865,0.3711,1.4099,24.0099,24.7882,0.1506,1.255,27.6826,3.322,8.3331,1.9,0.4884,41,90.4371,74,163.228,6.2,5.4,66,28,34
A,2,10,1,1382.8,1.3828,38.9710524,1259.6,,38.9710524,5714.8,1,0,0,1.1056,1.2769,23.0109,41.12,12.2805,0.5567,1.088,20.8057,19.349,8.1865,0.3711,1.4099,24.0099,24.7882,0.1506,1.255,27.6826,3.322,8.3331,1.9,0.4884,41,90.4371,74,163.228,6.2,5.4,66,28,34
A,3,10,1,321.2,0.3212,9.18,-1358.8,,9.18,7783.6,0,0,0,1.1056,1.2769,23.0109,41.12,12.2805,0.5567,1.088,20.8057,19.349,8.1865,0.3711,1.4099,24.0099,24.7882,0.1506,1.255,27.6826,3.322,8.3331,1.9,0.4884,41,90.4371,74,163.228,6.2,5.4,66,28,34
A,4,10,1,968.8,0.9688,25.4420128,100.8,,25.4420128,6019.2,1,0,0,1.1056,1.2769,23.0109,41.12,12.2805,0.5567,1.088,20.8057,19.349,8.1865,0.3711,1.4099,24.0099,24.7882,0.1506,1.255,27.6826,3.322,8.3331,1.9,0.4884,41,90.4371,74,163.228,6.2,5.4,66,28,34
A,1,12,1,6612.8,6.6128,216.4865424,0,,216.4865424,,1,1,1,1.1056,1.2769,23.0109,41.12,12.2805,0.5567,1.088,20.8057,19.349,8.1865,0.3711,1.4099,24.0099,24.7882,0.1506,1.255,27.6826,3.322,8.3331,1.9,0.4884,41,90.4371,74,163.228,6.2,5.4,66,28,34
A,2,12,1,5714.8,5.7148,135.897849,0,,135.897849,,1,1,1,1.1056,1.2769,23.0109,41.12,12.2805,0.5567,1.088,20.8057,19.349,8.1865,0.3711,1.4099,24.0099,24.7882,0.1506,1.255,27.6826,3.322,8.3331,1.9,0.4884,41,90.4371,74,163.228,6.2,5.4,66,28,34
A,3,12,1,7783.6,7.7836,182.618364,0,,182.618364,,1,1,1,1.1056,1.2769,23.0109,41.12,12.2805,0.5567,1.088,20.8057,19.349,8.1865,0.3711,1.4099,24.0099,24.7882,0.1506,1.255,27.6826,3.322,8.3331,1.9,0.4884,41,90.4371,74,163.228,6.2,5.4,66,28,34
A,4,12,1,6019.2,6.0192,142.8772444,0,,142.8772444,,1,1,1,1.1056,1.2769,23.0109,41.12,12.2805,0.5567,1.088,20.8057,19.349,8.1865,0.3711,1.4099,24.0099,24.7882,0.1506,1.255,27.6826,3.322,8.3331,1.9,0.4884,41,90.4371,74,163.228,6.2,5.4,66,28,34
B,1,1,3,6313.2,6.3132,140.7075021,1662.8,88.90401762,51.8034845,3327.2,2,2,1,0.9478,12.7287,18.0897,78.61,12.683,0.6708,1.6553,27.9171,16.888,13.8791,0.7341,1.4433,20.1627,13.997,0.238,2.5645,48.4837,4.4999,10.7743,4.6,0.3054,19,35.9216,70,132.3427,6.6,10.9,44,26,56
B,2,1,3,5822.8,5.8228,151.3925139,920,110.4546384,40.93787547,1368.4,2,1,1,0.9478,12.7287,18.0897,78.61,12.683,0.6708,1.6553,27.9171,16.888,13.8791,0.7341,1.4433,20.1627,13.997,0.238,2.5645,48.4837,4.4999,10.7743,4.6,0.3054,19,35.9216,70,132.3427,6.6,10.9,44,26,56
B,3,1,3,1934.4,1.9344,41.81709974,1600.8,18.14264785,23.67445189,5162.4,2,0,0,0.9478,12.7287,18.0897,78.61,12.683,0.6708,1.6553,27.9171,16.888,13.8791,0.7341,1.4433,20.1627,13.997,0.238,2.5645,48.4837,4.4999,10.7743,4.6,0.3054,19,35.9216,70,132.3427,6.6,10.9,44,26,56
B,4,1,3,2487.2,2.4872,55.68564346,2087.6,32.6648822,23.02076126,5637.2,3,0,0,0.9478,12.7287,18.0897,78.61,12.683,0.6708,1.6553,27.9171,16.888,13.8791,0.7341,1.4433,20.1627,13.997,0.238,2.5645,48.4837,4.4999,10.7743,4.6,0.3054,19,35.9216,70,132.3427,6.6,10.9,44,26,56
B,1,2,3,3526,3.526,128.1618639,1466.4,87.10068807,41.06117581,3327.2,2,1,1,0.9478,12.7287,18.0897,78.61,12.683,0.6708,1.6553,27.9171,16.888,13.8791,0.7341,1.4433,20.1627,13.997,0.238,2.5645,48.4837,4.4999,10.7743,4.6,0.3054,19,35.9216,70,132.3427,6.6,10.9,44,26,56
B,2,2,3,4811.6,4.8116,176.3929642,-521.2,140.9145991,35.47836511,1368.4,2,1,1,0.9478,12.7287,18.0897,78.61,12.683,0.6708,1.6553,27.9171,16.888,13.8791,0.7341,1.4433,20.1627,13.997,0.238,2.5645,48.4837,4.4999,10.7743,4.6,0.3054,19,35.9216,70,132.3427,6.6,10.9,44,26,56
B,3,2,3,1538.4,1.5384,61.35009125,698.4,24.57648461,36.77360664,5162.4,2,0,0,0.9478,12.7287,18.0897,78.61,12.683,0.6708,1.6553,27.9171,16.888,13.8791,0.7341,1.4433,20.1627,13.997,0.238,2.5645,48.4837,4.4999,10.7743,4.6,0.3054,19,35.9216,70,132.3427,6.6,10.9,44,26,56
B,4,2,3,4362.8,4.3628,136.7590246,2632,102.2812493,34.47777526,5637.2,3,1,1,0.9478,12.7287,18.0897,78.61,12.683,0.6708,1.6553,27.9171,16.888,13.8791,0.7341,1.4433,20.1627,13.997,0.238,2.5645,48.4837,4.4999,10.7743,4.6,0.3054,19,35.9216,70,132.3427,6.6,10.9,44,26,56
B,1,3,3,799.2,0.7992,20.2,875.2,,20.2,3327.2,1,0,0,0.9478,12.7287,18.0897,78.61,12.683,0.6708,1.6553,27.9171,16.888,13.8791,0.7341,1.4433,20.1627,13.997,0.238,2.5645,48.4837,4.4999,10.7743,4.6,0.3054,19,35.9216,70,132.3427,6.6,10.9,44,26,56
B,2,3,3,1018,1.018,33.87,-177.6,,33.87,1368.4,1,0,0,0.9478,12.7287,18.0897,78.61,12.683,0.6708,1.6553,27.9171,16.888,13.8791,0.7341,1.4433,20.1627,13.997,0.238,2.5645,48.4837,4.4999,10.7743,4.6,0.3054,19,35.9216,70,132.3427,6.6,10.9,44,26,56
B,3,3,3,1380.4,1.3804,44.31,1809.2,,44.31,5162.4,2,0,0,0.9478,12.7287,18.0897,78.61,12.683,0.6708,1.6553,27.9171,16.888,13.8791,0.7341,1.4433,20.1627,13.997,0.238,2.5645,48.4837,4.4999,10.7743,4.6,0.3054,19,35.9216,70,132.3427,6.6,10.9,44,26,56
B,4,3,3,853.6,0.8536,24.81,2082.4,,24.81,5637.2,2,0,0,0.9478,12.7287,18.0897,78.61,12.683,0.6708,1.6553,27.9171,16.888,13.8791,0.7341,1.4433,20.1627,13.997,0.238,2.5645,48.4837,4.4999,10.7743,4.6,0.3054,19,35.9216,70,132.3427,6.6,10.9,44,26,56
B,1,4,2,2005.6,2.0056,56.18675602,-1202.8,23.99298046,32.19377556,3327.2,2,0,0,0.9478,12.7287,18.0897,78.61,12.683,0.6708,1.6553,27.9171,16.888,13.8791,0.7341,1.4433,20.1627,13.997,0.238,2.5645,48.4837,4.4999,10.7743,4.6,0.3054,19,35.9216,70,132.3427,6.6,10.9,44,26,56
B,2,4,2,607.2,0.6072,17.74547881,954.8,10.6212952,7.124183606,1368.4,0,0,0,0.9478,12.7287,18.0897,78.61,12.683,0.6708,1.6553,27.9171,16.888,13.8791,0.7341,1.4433,20.1627,13.997,0.238,2.5645,48.4837,4.4999,10.7743,4.6,0.3054,19,35.9216,70,132.3427,6.6,10.9,44,26,56
B,3,4,2,253.6,0.2536,8.129501204,1099.2,2.998205175,5.131296029,5162.4,0,0,0,0.9478,12.7287,18.0897,78.61,12.683,0.6708,1.6553,27.9171,16.888,13.8791,0.7341,1.4433,20.1627,13.997,0.238,2.5645,48.4837,4.4999,10.7743,4.6,0.3054,19,35.9216,70,132.3427,6.6,10.9,44,26,56
B,4,4,2,474,0.474,14.30462675,-1404.4,9.821819681,4.482807067,5637.2,0,0,0,0.9478,12.7287,18.0897,78.61,12.683,0.6708,1.6553,27.9171,16.888,13.8791,0.7341,1.4433,20.1627,13.997,0.238,2.5645,48.4837,4.4999,10.7743,4.6,0.3054,19,35.9216,70,132.3427,6.6,10.9,44,26,56
B,1,5,2,6754.8,6.7548,162.1247206,1893.6,103.5334449,58.5912757,3327.2,3,2,1,0.9478,12.7287,18.0897,78.61,12.683,0.6708,1.6553,27.9171,16.888,13.8791,0.7341,1.4433,20.1627,13.997,0.238,2.5645,48.4837,4.4999,10.7743,4.6,0.3054,19,35.9216,70,132.3427,6.6,10.9,44,26,56
B,2,5,2,5156.8,5.1568,123.5675696,-284.8,79.3104683,44.25710126,1368.4,2,1,0,0.9478,12.7287,18.0897,78.61,12.683,0.6708,1.6553,27.9171,16.888,13.8791,0.7341,1.4433,20.1627,13.997,0.238,2.5645,48.4837,4.4999,10.7743,4.6,0.3054,19,35.9216,70,132.3427,6.6,10.9,44,26,56
B,3,5,2,2345.2,2.3452,57.99953869,1712.4,34.60565505,23.39388364,5162.4,3,0,0,0.9478,12.7287,18.0897,78.61,12.683,0.6708,1.6553,27.9171,16.888,13.8791,0.7341,1.4433,20.1627,13.997,0.238,2.5645,48.4837,4.4999,10.7743,4.6,0.3054,19,35.9216,70,132.3427,6.6,10.9,44,26,56
B,4,5,2,4094.4,4.0944,104.9802763,4011.2,69.94827449,35.03200177,5637.2,3,2,0,0.9478,12.7287,18.0897,78.61,12.683,0.6708,1.6553,27.9171,16.888,13.8791,0.7341,1.4433,20.1627,13.997,0.238,2.5645,48.4837,4.4999,10.7743,4.6,0.3054,19,35.9216,70,132.3427,6.6,10.9,44,26,56
B,1,7,2,4951.2,4.9512,81.54341758,1271.2,8.584530354,72.95888723,3327.2,1,1,0,0.9478,12.7287,18.0897,78.61,12.683,0.6708,1.6553,27.9171,16.888,13.8791,0.7341,1.4433,20.1627,13.997,0.238,2.5645,48.4837,4.4999,10.7743,4.6,0.3054,19,35.9216,70,132.3427,6.6,10.9,44,26,56
B,2,7,2,3040.4,3.0404,48.572725,38,9.188997894,39.38372711,1368.4,1,0,0,0.9478,12.7287,18.0897,78.61,12.683,0.6708,1.6553,27.9171,16.888,13.8791,0.7341,1.4433,20.1627,13.997,0.238,2.5645,48.4837,4.4999,10.7743,4.6,0.3054,19,35.9216,70,132.3427,6.6,10.9,44,26,56
B,3,7,2,6587.2,6.5872,107.8608982,3054.8,1.583895044,106.2770031,5162.4,2,2,0,0.9478,12.7287,18.0897,78.61,12.683,0.6708,1.6553,27.9171,16.888,13.8791,0.7341,1.4433,20.1627,13.997,0.238,2.5645,48.4837,4.4999,10.7743,4.6,0.3054,19,35.9216,70,132.3427,6.6,10.9,44,26,56
B,4,7,2,3526,3.526,60.463285,2636,9.251404282,51.21188072,5637.2,2,1,0,0.9478,12.7287,18.0897,78.61,12.683,0.6708,1.6553,27.9171,16.888,13.8791,0.7341,1.4433,20.1627,13.997,0.238,2.5645,48.4837,4.4999,10.7743,4.6,0.3054,19,35.9216,70,132.3427,6.6,10.9,44,26,56
B,1,8,1,3428.8,3.4288,113.3871518,-912,87.44358655,25.94356525,3327.2,2,1,1,0.9478,12.7287,18.0897,78.61,12.683,0.6708,1.6553,27.9171,16.888,13.8791,0.7341,1.4433,20.1627,13.997,0.238,2.5645,48.4837,4.4999,10.7743,4.6,0.3054,19,35.9216,70,132.3427,6.6,10.9,44,26,56
B,2,8,1,1578,1.578,50.7687593,-3378,40.56609584,10.20266346,1368.4,1,1,0,0.9478,12.7287,18.0897,78.61,12.683,0.6708,1.6553,27.9171,16.888,13.8791,0.7341,1.4433,20.1627,13.997,0.238,2.5645,48.4837,4.4999,10.7743,4.6,0.3054,19,35.9216,70,132.3427,6.6,10.9,44,26,56
B,3,8,1,2377.6,2.3776,88.81565033,260.4,70.22836059,18.58728974,5162.4,2,1,0,0.9478,12.7287,18.0897,78.61,12.683,0.6708,1.6553,27.9171,16.888,13.8791,0.7341,1.4433,20.1627,13.997,0.238,2.5645,48.4837,4.4999,10.7743,4.6,0.3054,19,35.9216,70,132.3427,6.6,10.9,44,26,56
B,4,8,1,3764,3.764,119.7780947,4407.6,95.35287658,24.42521815,5637.2,3,2,2,0.9478,12.7287,18.0897,78.61,12.683,0.6708,1.6553,27.9171,16.888,13.8791,0.7341,1.4433,20.1627,13.997,0.238,2.5645,48.4837,4.4999,10.7743,4.6,0.3054,19,35.9216,70,132.3427,6.6,10.9,44,26,56
B,1,9,1,4349.6,4.3496,52.25877527,1600.8,,52.25877527,3327.2,1,1,0,0.9478,12.7287,18.0897,78.61,12.683,0.6708,1.6553,27.9171,16.888,13.8791,0.7341,1.4433,20.1627,13.997,0.238,2.5645,48.4837,4.4999,10.7743,4.6,0.3054,19,35.9216,70,132.3427,6.6,10.9,44,26,56
B,2,9,1,5744,5.744,79.74277326,590,,79.74277326,1368.4,1,1,0,0.9478,12.7287,18.0897,78.61,12.683,0.6708,1.6553,27.9171,16.888,13.8791,0.7341,1.4433,20.1627,13.997,0.238,2.5645,48.4837,4.4999,10.7743,4.6,0.3054,19,35.9216,70,132.3427,6.6,10.9,44,26,56
B,3,9,1,7116,7.116,102.96234,3505.2,,102.96234,5162.4,2,2,0,0.9478,12.7287,18.0897,78.61,12.683,0.6708,1.6553,27.9171,16.888,13.8791,0.7341,1.4433,20.1627,13.997,0.238,2.5645,48.4837,4.4999,10.7743,4.6,0.3054,19,35.9216,70,132.3427,6.6,10.9,44,26,56
B,4,9,1,5677.6,5.6776,88.60249349,3462.4,,88.60249349,5637.2,2,2,0,0.9478,12.7287,18.0897,78.61,12.683,0.6708,1.6553,27.9171,16.888,13.8791,0.7341,1.4433,20.1627,13.997,0.238,2.5645,48.4837,4.4999,10.7743,4.6,0.3054,19,35.9216,70,132.3427,6.6,10.9,44,26,56
B,1,10,1,942.4,0.9424,25.8158496,-827.6,,25.8158496,3327.2,1,0,0,0.9478,12.7287,18.0897,78.61,12.683,0.6708,1.6553,27.9171,16.888,13.8791,0.7341,1.4433,20.1627,13.997,0.238,2.5645,48.4837,4.4999,10.7743,4.6,0.3054,19,35.9216,70,132.3427,6.6,10.9,44,26,56
B,2,10,1,1335.2,1.3352,35.197562,-3346,,35.197562,1368.4,1,0,0,0.9478,12.7287,18.0897,78.61,12.683,0.6708,1.6553,27.9171,16.888,13.8791,0.7341,1.4433,20.1627,13.997,0.238,2.5645,48.4837,4.4999,10.7743,4.6,0.3054,19,35.9216,70,132.3427,6.6,10.9,44,26,56
B,3,10,1,1442.4,1.4424,31.591229,1630,,31.591229,5162.4,1,0,0,0.9478,12.7287,18.0897,78.61,12.683,0.6708,1.6553,27.9171,16.888,13.8791,0.7341,1.4433,20.1627,13.997,0.238,2.5645,48.4837,4.4999,10.7743,4.6,0.3054,19,35.9216,70,132.3427,6.6,10.9,44,26,56
B,4,10,1,1358.4,1.3584,28.568682,2628,,28.568682,5637.2,2,0,0,0.9478,12.7287,18.0897,78.61,12.683,0.6708,1.6553,27.9171,16.888,13.8791,0.7341,1.4433,20.1627,13.997,0.238,2.5645,48.4837,4.4999,10.7743,4.6,0.3054,19,35.9216,70,132.3427,6.6,10.9,44,26,56
B,1,12,1,3327.2,3.3272,62.8586608,0,,62.8586608,,1,1,0,0.9478,12.7287,18.0897,78.61,12.683,0.6708,1.6553,27.9171,16.888,13.8791,0.7341,1.4433,20.1627,13.997,0.238,2.5645,48.4837,4.4999,10.7743,4.6,0.3054,19,35.9216,70,132.3427,6.6,10.9,44,26,56
B,2,12,1,1368.4,1.3684,22.9738828,0,,22.9738828,,1,0,0,0.9478,12.7287,18.0897,78.61,12.683,0.6708,1.6553,27.9171,16.888,13.8791,0.7341,1.4433,20.1627,13.997,0.238,2.5645,48.4837,4.4999,10.7743,4.6,0.3054,19,35.9216,70,132.3427,6.6,10.9,44,26,56
B,3,12,1,5162.4,5.1624,120.0141216,0,,120.0141216,,1,1,1,0.9478,12.7287,18.0897,78.61,12.683,0.6708,1.6553,27.9171,16.888,13.8791,0.7341,1.4433,20.1627,13.997,0.238,2.5645,48.4837,4.4999,10.7743,4.6,0.3054,19,35.9216,70,132.3427,6.6,10.9,44,26,56
B,4,12,1,5637.2,5.6372,127.2134832,0,,127.2134832,,1,1,1,0.9478,12.7287,18.0897,78.61,12.683,0.6708,1.6553,27.9171,16.888,13.8791,0.7341,1.4433,20.1627,13.997,0.238,2.5645,48.4837,4.4999,10.7743,4.6,0.3054,19,35.9216,70,132.3427,6.6,10.9,44,26,56
C,1,1,3,4178,4.178,122.7008149,-346.8,54.95724634,67.74356854,1816.8,2,2,0,1.0326,14.5159,12.7226,61.6,3.1632,0.1543,1.2182,22.3903,18.3448,9.0568,0.4417,1.2933,19.2114,14.8961,0.1765,1.6898,34.6474,3.6193,9.5728,3.2,0.1862,15,30.7567,29,59.4629,6.7,8.4,74,14,26
C,2,1,3,4404.8,4.4048,131.056785,1464.8,68.24655216,62.81023285,2387.2,2,2,0,1.0326,14.5159,12.7226,61.6,3.1632,0.1543,1.2182,22.3903,18.3448,9.0568,0.4417,1.2933,19.2114,14.8961,0.1765,1.6898,34.6474,3.6193,9.5728,3.2,0.1862,15,30.7567,29,59.4629,6.7,8.4,74,14,26
C,3,1,3,2560.8,2.5608,74.99894134,1698.8,31.64584944,43.3530919,3485.2,2,0,0,1.0326,14.5159,12.7226,61.6,3.1632,0.1543,1.2182,22.3903,18.3448,9.0568,0.4417,1.2933,19.2114,14.8961,0.1765,1.6898,34.6474,3.6193,9.5728,3.2,0.1862,15,30.7567,29,59.4629,6.7,8.4,74,14,26
C,4,1,3,3770.8,3.7708,101.2553823,216.8,34.91686236,66.33851996,3342,2,1,0,1.0326,14.5159,12.7226,61.6,3.1632,0.1543,1.2182,22.3903,18.3448,9.0568,0.4417,1.2933,19.2114,14.8961,0.1765,1.6898,34.6474,3.6193,9.5728,3.2,0.1862,15,30.7567,29,59.4629,6.7,8.4,74,14,26
C,1,2,3,2120,2.12,86.57987332,-1996,36.60047911,49.97939421,1816.8,2,1,0,1.0326,14.5159,12.7226,61.6,3.1632,0.1543,1.2182,22.3903,18.3448,9.0568,0.4417,1.2933,19.2114,14.8961,0.1765,1.6898,34.6474,3.6193,9.5728,3.2,0.1862,15,30.7567,29,59.4629,6.7,8.4,74,14,26
C,2,2,3,3210.4,3.2104,124.0120056,1754.8,41.86219127,82.14981437,2387.2,3,2,0,1.0326,14.5159,12.7226,61.6,3.1632,0.1543,1.2182,22.3903,18.3448,9.0568,0.4417,1.2933,19.2114,14.8961,0.1765,1.6898,34.6474,3.6193,9.5728,3.2,0.1862,15,30.7567,29,59.4629,6.7,8.4,74,14,26
C,3,2,3,2296.4,2.2964,78.7367974,1359.6,39.1227818,39.6140156,3485.2,2,1,0,1.0326,14.5159,12.7226,61.6,3.1632,0.1543,1.2182,22.3903,18.3448,9.0568,0.4417,1.2933,19.2114,14.8961,0.1765,1.6898,34.6474,3.6193,9.5728,3.2,0.1862,15,30.7567,29,59.4629,6.7,8.4,74,14,26
C,4,2,3,1512.8,1.5128,63.59717837,1931.6,25.32076464,38.27641373,3342,3,0,0,1.0326,14.5159,12.7226,61.6,3.1632,0.1543,1.2182,22.3903,18.3448,9.0568,0.4417,1.2933,19.2114,14.8961,0.1765,1.6898,34.6474,3.6193,9.5728,3.2,0.1862,15,30.7567,29,59.4629,6.7,8.4,74,14,26
C,1,3,3,1966.8,1.9668,93.85,270.4,,93.85,1816.8,1,1,0,1.0326,14.5159,12.7226,61.6,3.1632,0.1543,1.2182,22.3903,18.3448,9.0568,0.4417,1.2933,19.2114,14.8961,0.1765,1.6898,34.6474,3.6193,9.5728,3.2,0.1862,15,30.7567,29,59.4629,6.7,8.4,74,14,26
C,2,3,3,1880.4,1.8804,75.99,1602,,75.99,2387.2,1,1,0,1.0326,14.5159,12.7226,61.6,3.1632,0.1543,1.2182,22.3903,18.3448,9.0568,0.4417,1.2933,19.2114,14.8961,0.1765,1.6898,34.6474,3.6193,9.5728,3.2,0.1862,15,30.7567,29,59.4629,6.7,8.4,74,14,26
C,3,3,3,1316.4,1.3164,62.39,2956.4,,62.39,3485.2,2,2,0,1.0326,14.5159,12.7226,61.6,3.1632,0.1543,1.2182,22.3903,18.3448,9.0568,0.4417,1.2933,19.2114,14.8961,0.1765,1.6898,34.6474,3.6193,9.5728,3.2,0.1862,15,30.7567,29,59.4629,6.7,8.4,74,14,26
C,4,3,3,822,0.822,40.57,2248.4,,40.57,3342,2,0,0,1.0326,14.5159,12.7226,61.6,3.1632,0.1543,1.2182,22.3903,18.3448,9.0568,0.4417,1.2933,19.2114,14.8961,0.1765,1.6898,34.6474,3.6193,9.5728,3.2,0.1862,15,30.7567,29,59.4629,6.7,8.4,74,14,26
C,1,4,2,1660,1.66,60.85554842,583.6,28.9162296,31.93931882,1816.8,2,0,0,1.0326,14.5159,12.7226,61.6,3.1632,0.1543,1.2182,22.3903,18.3448,9.0568,0.4417,1.2933,19.2114,14.8961,0.1765,1.6898,34.6474,3.6193,9.5728,3.2,0.1862,15,30.7567,29,59.4629,6.7,8.4,74,14,26
C,2,4,2,1789.2,1.7892,60.25278544,958.8,28.67600973,31.57677571,2387.2,2,0,0,1.0326,14.5159,12.7226,61.6,3.1632,0.1543,1.2182,22.3903,18.3448,9.0568,0.4417,1.2933,19.2114,14.8961,0.1765,1.6898,34.6474,3.6193,9.5728,3.2,0.1862,15,30.7567,29,59.4629,6.7,8.4,74,14,26
C,3,4,2,2009.2,2.0092,68.53372846,1484,31.37760558,37.15612288,3485.2,2,0,0,1.0326,14.5159,12.7226,61.6,3.1632,0.1543,1.2182,22.3903,18.3448,9.0568,0.4417,1.2933,19.2114,14.8961,0.1765,1.6898,34.6474,3.6193,9.5728,3.2,0.1862,15,30.7567,29,59.4629,6.7,8.4,74,14,26
C,4,4,2,912.4,0.9124,36.64169979,1408.4,9.403304454,27.23839534,3342,1,0,0,1.0326,14.5159,12.7226,61.6,3.1632,0.1543,1.2182,22.3903,18.3448,9.0568,0.4417,1.2933,19.2114,14.8961,0.1765,1.6898,34.6474,3.6193,9.5728,3.2,0.1862,15,30.7567,29,59.4629,6.7,8.4,74,14,26
C,1,5,2,4757.2,4.7572,157.3798954,660.8,74.06457363,83.31532177,1816.8,2,2,0,1.0326,14.5159,12.7226,61.6,3.1632,0.1543,1.2182,22.3903,18.3448,9.0568,0.4417,1.2933,19.2114,14.8961,0.1765,1.6898,34.6474,3.6193,9.5728,3.2,0.1862,15,30.7567,29,59.4629,6.7,8.4,74,14,26
C,2,5,2,4496.4,4.4964,125.8803014,1608.4,68.46681367,57.41348773,2387.2,2,2,0,1.0326,14.5159,12.7226,61.6,3.1632,0.1543,1.2182,22.3903,18.3448,9.0568,0.4417,1.2933,19.2114,14.8961,0.1765,1.6898,34.6474,3.6193,9.5728,3.2,0.1862,15,30.7567,29,59.4629,6.7,8.4,74,14,26
C,3,5,2,4875.2,4.8752,150.5680518,2954,74.22371655,76.34433525,3485.2,3,3,0,1.0326,14.5159,12.7226,61.6,3.1632,0.1543,1.2182,22.3903,18.3448,9.0568,0.4417,1.2933,19.2114,14.8961,0.1765,1.6898,34.6474,3.6193,9.5728,3.2,0.1862,15,30.7567,29,59.4629,6.7,8.4,74,14,26
C,4,5,2,5614.4,5.6144,162.6114851,2564.4,88.85092494,73.76056016,3342,3,2,1,1.0326,14.5159,12.7226,61.6,3.1632,0.1543,1.2182,22.3903,18.3448,9.0568,0.4417,1.2933,19.2114,14.8961,0.1765,1.6898,34.6474,3.6193,9.5728,3.2,0.1862,15,30.7567,29,59.4629,6.7,8.4,74,14,26
C,1,7,2,2960.8,2.9608,73.26586918,440.8,7.727478808,65.53839037,1816.8,1,1,0,1.0326,14.5159,12.7226,61.6,3.1632,0.1543,1.2182,22.3903,18.3448,9.0568,0.4417,1.2933,19.2114,14.8961,0.1765,1.6898,34.6474,3.6193,9.5728,3.2,0.1862,15,30.7567,29,59.4629,6.7,8.4,74,14,26
C,2,7,2,6660.4,6.6604,98.8514224,1877.6,4.129650692,94.72177171,2387.2,2,1,0,1.0326,14.5159,12.7226,61.6,3.1632,0.1543,1.2182,22.3903,18.3448,9.0568,0.4417,1.2933,19.2114,14.8961,0.1765,1.6898,34.6474,3.6193,9.5728,3.2,0.1862,15,30.7567,29,59.4629,6.7,8.4,74,14,26
C,3,7,2,4217.2,4.2172,74.22839137,1549.2,9.752074202,64.47631717,3485.2,1,1,0,1.0326,14.5159,12.7226,61.6,3.1632,0.1543,1.2182,22.3903,18.3448,9.0568,0.4417,1.2933,19.2114,14.8961,0.1765,1.6898,34.6474,3.6193,9.5728,3.2,0.1862,15,30.7567,29,59.4629,6.7,8.4,74,14,26
C,4,7,2,5544.4,5.5444,80.26518937,2017.6,8.635385246,71.62980412,3342,2,1,0,1.0326,14.5159,12.7226,61.6,3.1632,0.1543,1.2182,22.3903,18.3448,9.0568,0.4417,1.2933,19.2114,14.8961,0.1765,1.6898,34.6474,3.6193,9.5728,3.2,0.1862,15,30.7567,29,59.4629,6.7,8.4,74,14,26
C,1,8,1,2412.4,2.4124,96.33542098,-541.2,71.94126302,24.39415796,1816.8,2,1,0,1.0326,14.5159,12.7226,61.6,3.1632,0.1543,1.2182,22.3903,18.3448,9.0568,0.4417,1.2933,19.2114,14.8961,0.1765,1.6898,34.6474,3.6193,9.5728,3.2,0.1862,15,30.7567,29,59.4629,6.7,8.4,74,14,26
C,2,8,1,3242.4,3.2424,139.1563989,1222.8,104.110378,35.04602089,2387.2,2,1,1,1.0326,14.5159,12.7226,61.6,3.1632,0.1543,1.2182,22.3903,18.3448,9.0568,0.4417,1.2933,19.2114,14.8961,0.1765,1.6898,34.6474,3.6193,9.5728,3.2,0.1862,15,30.7567,29,59.4629,6.7,8.4,74,14,26
C,3,8,1,2948.8,2.9488,106.1035998,122.8,86.84886728,19.25473252,3485.2,2,1,1,1.0326,14.5159,12.7226,61.6,3.1632,0.1543,1.2182,22.3903,18.3448,9.0568,0.4417,1.2933,19.2114,14.8961,0.1765,1.6898,34.6474,3.6193,9.5728,3.2,0.1862,15,30.7567,29,59.4629,6.7,8.4,74,14,26
C,4,8,1,2706.8,2.7068,114.8602344,981.2,75.85885615,39.00137824,3342,2,1,0,1.0326,14.5159,12.7226,61.6,3.1632,0.1543,1.2182,22.3903,18.3448,9.0568,0.4417,1.2933,19.2114,14.8961,0.1765,1.6898,34.6474,3.6193,9.5728,3.2,0.1862,15,30.7567,29,59.4629,6.7,8.4,74,14,26
C,1,9,1,7143.6,7.1436,129.1487102,1731.2,,129.1487102,1816.8,2,1,1,1.0326,14.5159,12.7226,61.6,3.1632,0.1543,1.2182,22.3903,18.3448,9.0568,0.4417,1.2933,19.2114,14.8961,0.1765,1.6898,34.6474,3.6193,9.5728,3.2,0.1862,15,30.7567,29,59.4629,6.7,8.4,74,14,26
C,2,9,1,3346.4,3.3464,65.43545548,1815.6,,65.43545548,2387.2,2,1,0,1.0326,14.5159,12.7226,61.6,3.1632,0.1543,1.2182,22.3903,18.3448,9.0568,0.4417,1.2933,19.2114,14.8961,0.1765,1.6898,34.6474,3.6193,9.5728,3.2,0.1862,15,30.7567,29,59.4629,6.7,8.4,74,14,26
C,3,9,1,4252.4,4.2524,84.89216868,3103.2,,84.89216868,3485.2,2,2,0,1.0326,14.5159,12.7226,61.6,3.1632,0.1543,1.2182,22.3903,18.3448,9.0568,0.4417,1.2933,19.2114,14.8961,0.1765,1.6898,34.6474,3.6193,9.5728,3.2,0.1862,15,30.7567,29,59.4629,6.7,8.4,74,14,26
C,4,9,1,5409.6,5.4096,105.9201373,2914.4,,105.9201373,3342,2,2,0,1.0326,14.5159,12.7226,61.6,3.1632,0.1543,1.2182,22.3903,18.3448,9.0568,0.4417,1.2933,19.2114,14.8961,0.1765,1.6898,34.6474,3.6193,9.5728,3.2,0.1862,15,30.7567,29,59.4629,6.7,8.4,74,14,26
C,1,10,1,2721.2,2.7212,85.82,-1572.4,,85.82,1816.8,1,1,0,1.0326,14.5159,12.7226,61.6,3.1632,0.1543,1.2182,22.3903,18.3448,9.0568,0.4417,1.2933,19.2114,14.8961,0.1765,1.6898,34.6474,3.6193,9.5728,3.2,0.1862,15,30.7567,29,59.4629,6.7,8.4,74,14,26
C,2,10,1,706.8,0.7068,25.5,176.4,,25.5,2387.2,1,0,0,1.0326,14.5159,12.7226,61.6,3.1632,0.1543,1.2182,22.3903,18.3448,9.0568,0.4417,1.2933,19.2114,14.8961,0.1765,1.6898,34.6474,3.6193,9.5728,3.2,0.1862,15,30.7567,29,59.4629,6.7,8.4,74,14,26
C,3,10,1,659.6,0.6596,22.83,195.2,,22.83,3485.2,1,0,0,1.0326,14.5159,12.7226,61.6,3.1632,0.1543,1.2182,22.3903,18.3448,9.0568,0.4417,1.2933,19.2114,14.8961,0.1765,1.6898,34.6474,3.6193,9.5728,3.2,0.1862,15,30.7567,29,59.4629,6.7,8.4,74,14,26
C,4,10,1,1524,1.524,47.48,1395.6,,47.48,3342,1,0,0,1.0326,14.5159,12.7226,61.6,3.1632,0.1543,1.2182,22.3903,18.3448,9.0568,0.4417,1.2933,19.2114,14.8961,0.1765,1.6898,34.6474,3.6193,9.5728,3.2,0.1862,15,30.7567,29,59.4629,6.7,8.4,74,14,26
C,1,12,1,1816.8,1.8168,39.5467224,0,,39.5467224,,1,0,0,1.0326,14.5159,12.7226,61.6,3.1632,0.1543,1.2182,22.3903,18.3448,9.0568,0.4417,1.2933,19.2114,14.8961,0.1765,1.6898,34.6474,3.6193,9.5728,3.2,0.1862,15,30.7567,29,59.4629,6.7,8.4,74,14,26
C,2,12,1,2387.2,2.3872,56.3107636,0,,56.3107636,,1,1,0,1.0326,14.5159,12.7226,61.6,3.1632,0.1543,1.2182,22.3903,18.3448,9.0568,0.4417,1.2933,19.2114,14.8961,0.1765,1.6898,34.6474,3.6193,9.5728,3.2,0.1862,15,30.7567,29,59.4629,6.7,8.4,74,14,26
C,3,12,1,3485.2,3.4852,82.3405372,0,,82.3405372,,1,1,0,1.0326,14.5159,12.7226,61.6,3.1632,0.1543,1.2182,22.3903,18.3448,9.0568,0.4417,1.2933,19.2114,14.8961,0.1765,1.6898,34.6474,3.6193,9.5728,3.2,0.1862,15,30.7567,29,59.4629,6.7,8.4,74,14,26
C,4,12,1,3342,3.342,85.9124488,0,,85.9124488,,1,1,0,1.0326,14.5159,12.7226,61.6,3.1632,0.1543,1.2182,22.3903,18.3448,9.0568,0.4417,1.2933,19.2114,14.8961,0.1765,1.6898,34.6474,3.6193,9.5728,3.2,0.1862,15,30.7567,29,59.4629,6.7,8.4,74,14,26
D,1,1,3,6668.4,6.6684,218.8588172,3601.2,140.9846868,77.87413044,4166.4,3,3,1,1.518,9.0661,42.2107,30.45,19.3613,0.6377,1.2945,24.1863,18.7313,10.2047,0.3361,1.7978,27.2662,15.1805,0.174,1.7298,52.5148,5.2821,9.9419,3.1,0.3141,27,81.9713,149,452.3602,7.4,9.6,41,25,59
D,2,1,3,2944.4,2.9444,81.02725763,2498.4,13.93606639,67.09119124,2809.2,3,1,0,1.518,9.0661,42.2107,30.45,19.3613,0.6377,1.2945,24.1863,18.7313,10.2047,0.3361,1.7978,27.2662,15.1805,0.174,1.7298,52.5148,5.2821,9.9419,3.1,0.3141,27,81.9713,149,452.3602,7.4,9.6,41,25,59
D,3,1,3,4777.2,4.7772,173.638211,2512.4,80.5537153,93.08449566,3021.6,3,2,0,1.518,9.0661,42.2107,30.45,19.3613,0.6377,1.2945,24.1863,18.7313,10.2047,0.3361,1.7978,27.2662,15.1805,0.174,1.7298,52.5148,5.2821,9.9419,3.1,0.3141,27,81.9713,149,452.3602,7.4,9.6,41,25,59
D,4,1,3,5519.6,5.5196,172.8407222,3855.2,53.60889632,119.2318259,4266,3,3,1,1.518,9.0661,42.2107,30.45,19.3613,0.6377,1.2945,24.1863,18.7313,10.2047,0.3361,1.7978,27.2662,15.1805,0.174,1.7298,52.5148,5.2821,9.9419,3.1,0.3141,27,81.9713,149,452.3602,7.4,9.6,41,25,59
D,1,2,3,2938,2.938,124.8747824,3442,34.69170635,90.18307606,4166.4,3,2,0,1.518,9.0661,42.2107,30.45,19.3613,0.6377,1.2945,24.1863,18.7313,10.2047,0.3361,1.7978,27.2662,15.1805,0.174,1.7298,52.5148,5.2821,9.9419,3.1,0.3141,27,81.9713,149,452.3602,7.4,9.6,41,25,59
D,2,2,3,2076,2.076,53.37,2687.2,10.11950766,43.25049234,2809.2,2,0,0,1.518,9.0661,42.2107,30.45,19.3613,0.6377,1.2945,24.1863,18.7313,10.2047,0.3361,1.7978,27.2662,15.1805,0.174,1.7298,52.5148,5.2821,9.9419,3.1,0.3141,27,81.9713,149,452.3602,7.4,9.6,41,25,59
D,3,2,3,2504.4,2.5044,99.44,2878.4,19.94483692,79.49516308,3021.6,3,2,0,1.518,9.0661,42.2107,30.45,19.3613,0.6377,1.2945,24.1863,18.7313,10.2047,0.3361,1.7978,27.2662,15.1805,0.174,1.7298,52.5148,5.2821,9.9419,3.1,0.3141,27,81.9713,149,452.3602,7.4,9.6,41,25,59
D,4,2,3,2220,2.22,75.93063791,3898,18.0507873,57.87985061,4266,3,2,0,1.518,9.0661,42.2107,30.45,19.3613,0.6377,1.2945,24.1863,18.7313,10.2047,0.3361,1.7978,27.2662,15.1805,0.174,1.7298,52.5148,5.2821,9.9419,3.1,0.3141,27,81.9713,149,452.3602,7.4,9.6,41,25,59
D,1,3,3,2864,2.864,87.665698,3583.6,,87.665698,4166.4,2,2,0,1.518,9.0661,42.2107,30.45,19.3613,0.6377,1.2945,24.1863,18.7313,10.2047,0.3361,1.7978,27.2662,15.1805,0.174,1.7298,52.5148,5.2821,9.9419,3.1,0.3141,27,81.9713,149,452.3602,7.4,9.6,41,25,59
D,2,3,3,3749.6,3.7496,98.46,2502.4,,98.46,2809.2,2,1,0,1.518,9.0661,42.2107,30.45,19.3613,0.6377,1.2945,24.1863,18.7313,10.2047,0.3361,1.7978,27.2662,15.1805,0.174,1.7298,52.5148,5.2821,9.9419,3.1,0.3141,27,81.9713,149,452.3602,7.4,9.6,41,25,59
D,3,3,3,4257.2,4.2572,119.4641756,2128.4,,119.4641756,3021.6,2,1,1,1.518,9.0661,42.2107,30.45,19.3613,0.6377,1.2945,24.1863,18.7313,10.2047,0.3361,1.7978,27.2662,15.1805,0.174,1.7298,52.5148,5.2821,9.9419,3.1,0.3141,27,81.9713,149,452.3602,7.4,9.6,41,25,59
D,4,3,3,3530.8,3.5308,82.973384,3934,,82.973384,4266,2,2,0,1.518,9.0661,42.2107,30.45,19.3613,0.6377,1.2945,24.1863,18.7313,10.2047,0.3361,1.7978,27.2662,15.1805,0.174,1.7298,52.5148,5.2821,9.9419,3.1,0.3141,27,81.9713,149,452.3602,7.4,9.6,41,25,59
D,1,4,2,3151.6,3.1516,97.81652217,3342.4,48.45932193,49.35720024,4166.4,3,3,0,1.518,9.0661,42.2107,30.45,19.3613,0.6377,1.2945,24.1863,18.7313,10.2047,0.3361,1.7978,27.2662,15.1805,0.174,1.7298,52.5148,5.2821,9.9419,3.1,0.3141,27,81.9713,149,452.3602,7.4,9.6,41,25,59
D,2,4,2,3064.8,3.0648,101.2464853,1962,46.67054926,54.57593601,2809.2,3,2,0,1.518,9.0661,42.2107,30.45,19.3613,0.6377,1.2945,24.1863,18.7313,10.2047,0.3361,1.7978,27.2662,15.1805,0.174,1.7298,52.5148,5.2821,9.9419,3.1,0.3141,27,81.9713,149,452.3602,7.4,9.6,41,25,59
D,3,4,2,3833.6,3.8336,134.2357171,1881.6,79.41172686,54.82399024,3021.6,3,2,0,1.518,9.0661,42.2107,30.45,19.3613,0.6377,1.2945,24.1863,18.7313,10.2047,0.3361,1.7978,27.2662,15.1805,0.174,1.7298,52.5148,5.2821,9.9419,3.1,0.3141,27,81.9713,149,452.3602,7.4,9.6,41,25,59
D,4,4,2,5560.8,5.5608,151.9719167,3593.6,77.02621317,74.94570354,4266,3,3,0,1.518,9.0661,42.2107,30.45,19.3613,0.6377,1.2945,24.1863,18.7313,10.2047,0.3361,1.7978,27.2662,15.1805,0.174,1.7298,52.5148,5.2821,9.9419,3.1,0.3141,27,81.9713,149,452.3602,7.4,9.6,41,25,59
D,1,5,2,5461.2,5.4612,139.8343895,3022.4,72.1204968,67.7138927,4166.4,3,3,0,1.518,9.0661,42.2107,30.45,19.3613,0.6377,1.2945,24.1863,18.7313,10.2047,0.3361,1.7978,27.2662,15.1805,0.174,1.7298,52.5148,5.2821,9.9419,3.1,0.3141,27,81.9713,149,452.3602,7.4,9.6,41,25,59
D,2,5,2,2210.4,2.2104,47.19950311,2619.2,4.279602025,42.91990109,2809.2,2,0,0,1.518,9.0661,42.2107,30.45,19.3613,0.6377,1.2945,24.1863,18.7313,10.2047,0.3361,1.7978,27.2662,15.1805,0.174,1.7298,52.5148,5.2821,9.9419,3.1,0.3141,27,81.9713,149,452.3602,7.4,9.6,41,25,59
D,3,5,2,4294.8,4.2948,124.8048613,2667.6,17.47081586,107.3340455,3021.6,3,1,0,1.518,9.0661,42.2107,30.45,19.3613,0.6377,1.2945,24.1863,18.7313,10.2047,0.3361,1.7978,27.2662,15.1805,0.174,1.7298,52.5148,5.2821,9.9419,3.1,0.3141,27,81.9713,149,452.3602,7.4,9.6,41,25,59
D,4,5,2,4099.6,4.0996,113.4839394,4133.6,3.843474366,109.640465,4266,2,2,0,1.518,9.0661,42.2107,30.45,19.3613,0.6377,1.2945,24.1863,18.7313,10.2047,0.3361,1.7978,27.2662,15.1805,0.174,1.7298,52.5148,5.2821,9.9419,3.1,0.3141,27,81.9713,149,452.3602,7.4,9.6,41,25,59
D,1,7,2,3872.8,3.8728,98.39473095,3084.8,17.61557795,80.779153,4166.4,3,2,0,1.518,9.0661,42.2107,30.45,19.3613,0.6377,1.2945,24.1863,18.7313,10.2047,0.3361,1.7978,27.2662,15.1805,0.174,1.7298,52.5148,5.2821,9.9419,3.1,0.3141,27,81.9713,149,452.3602,7.4,9.6,41,25,59
D,2,7,2,5494,5.494,115.7558662,2510,23.58357722,92.17228894,2809.2,3,1,0,1.518,9.0661,42.2107,30.45,19.3613,0.6377,1.2945,24.1863,18.7313,10.2047,0.3361,1.7978,27.2662,15.1805,0.174,1.7298,52.5148,5.2821,9.9419,3.1,0.3141,27,81.9713,149,452.3602,7.4,9.6,41,25,59
D,3,7,2,7458.8,7.4588,222.4633615,2747.6,74.57794763,147.8854139,3021.6,3,2,1,1.518,9.0661,42.2107,30.45,19.3613,0.6377,1.2945,24.1863,18.7313,10.2047,0.3361,1.7978,27.2662,15.1805,0.174,1.7298,52.5148,5.2821,9.9419,3.1,0.3141,27,81.9713,149,452.3602,7.4,9.6,41,25,59
D,4,7,2,8724.92,8.72492,165.307698,3887.2,15.17780226,150.1298958,4266,3,2,1,1.518,9.0661,42.2107,30.45,19.3613,0.6377,1.2945,24.1863,18.7313,10.2047,0.3361,1.7978,27.2662,15.1805,0.174,1.7298,52.5148,5.2821,9.9419,3.1,0.3141,27,81.9713,149,452.3602,7.4,9.6,41,25,59
D,1,8,1,2193.6,2.1936,72.7909871,3414.4,27.54276342,45.24822369,4166.4,3,1,0,1.518,9.0661,42.2107,30.45,19.3613,0.6377,1.2945,24.1863,18.7313,10.2047,0.3361,1.7978,27.2662,15.1805,0.174,1.7298,52.5148,5.2821,9.9419,3.1,0.3141,27,81.9713,149,452.3602,7.4,9.6,41,25,59
D,2,8,1,1721.2,1.7212,51.93,2417.2,13.41717332,38.51282668,2809.2,2,0,0,1.518,9.0661,42.2107,30.45,19.3613,0.6377,1.2945,24.1863,18.7313,10.2047,0.3361,1.7978,27.2662,15.1805,0.174,1.7298,52.5148,5.2821,9.9419,3.1,0.3141,27,81.9713,149,452.3602,7.4,9.6,41,25,59
D,3,8,1,1985.6,1.9856,90.82990211,1737.2,40.21145733,50.61844478,3021.6,3,2,0,1.518,9.0661,42.2107,30.45,19.3613,0.6377,1.2945,24.1863,18.7313,10.2047,0.3361,1.7978,27.2662,15.1805,0.174,1.7298,52.5148,5.2821,9.9419,3.1,0.3141,27,81.9713,149,452.3602,7.4,9.6,41,25,59
D,4,8,1,3084.8,3.0848,100.0204945,3811.6,40.03039862,59.99009586,4266,3,3,0,1.518,9.0661,42.2107,30.45,19.3613,0.6377,1.2945,24.1863,18.7313,10.2047,0.3361,1.7978,27.2662,15.1805,0.174,1.7298,52.5148,5.2821,9.9419,3.1,0.3141,27,81.9713,149,452.3602,7.4,9.6,41,25,59
D,1,9,1,4889.2,4.8892,90.80293125,4034,,90.80293125,4166.4,2,2,0,1.518,9.0661,42.2107,30.45,19.3613,0.6377,1.2945,24.1863,18.7313,10.2047,0.3361,1.7978,27.2662,15.1805,0.174,1.7298,52.5148,5.2821,9.9419,3.1,0.3141,27,81.9713,149,452.3602,7.4,9.6,41,25,59
D,2,9,1,3756.4,3.7564,54.35965291,2810.8,,54.35965291,2809.2,2,1,0,1.518,9.0661,42.2107,30.45,19.3613,0.6377,1.2945,24.1863,18.7313,10.2047,0.3361,1.7978,27.2662,15.1805,0.174,1.7298,52.5148,5.2821,9.9419,3.1,0.3141,27,81.9713,149,452.3602,7.4,9.6,41,25,59
D,3,9,1,6076.4,6.0764,114.277704,2578.8,,114.277704,3021.6,2,1,1,1.518,9.0661,42.2107,30.45,19.3613,0.6377,1.2945,24.1863,18.7313,10.2047,0.3361,1.7978,27.2662,15.1805,0.174,1.7298,52.5148,5.2821,9.9419,3.1,0.3141,27,81.9713,149,452.3602,7.4,9.6,41,25,59
D,4,9,1,4017.6,4.0176,71.23466782,4129.6,,71.23466782,4266,2,2,0,1.518,9.0661,42.2107,30.45,19.3613,0.6377,1.2945,24.1863,18.7313,10.2047,0.3361,1.7978,27.2662,15.1805,0.174,1.7298,52.5148,5.2821,9.9419,3.1,0.3141,27,81.9713,149,452.3602,7.4,9.6,41,25,59
D,1,10,1,4030.8,4.0308,102.3768496,3388.8,,102.3768496,4166.4,2,2,0,1.518,9.0661,42.2107,30.45,19.3613,0.6377,1.2945,24.1863,18.7313,10.2047,0.3361,1.7978,27.2662,15.1805,0.174,1.7298,52.5148,5.2821,9.9419,3.1,0.3141,27,81.9713,149,452.3602,7.4,9.6,41,25,59
D,2,10,1,2216,2.216,60.1200644,2232,,60.1200644,2809.2,2,1,0,1.518,9.0661,42.2107,30.45,19.3613,0.6377,1.2945,24.1863,18.7313,10.2047,0.3361,1.7978,27.2662,15.1805,0.174,1.7298,52.5148,5.2821,9.9419,3.1,0.3141,27,81.9713,149,452.3602,7.4,9.6,41,25,59
D,3,10,1,4052.4,4.0524,100.2652756,2676.4,,100.2652756,3021.6,2,1,0,1.518,9.0661,42.2107,30.45,19.3613,0.6377,1.2945,24.1863,18.7313,10.2047,0.3361,1.7978,27.2662,15.1805,0.174,1.7298,52.5148,5.2821,9.9419,3.1,0.3141,27,81.9713,149,452.3602,7.4,9.6,41,25,59
D,4,10,1,3424.8,3.4248,72.8891618,3840.8,,72.8891618,4266,2,2,0,1.518,9.0661,42.2107,30.45,19.3613,0.6377,1.2945,24.1863,18.7313,10.2047,0.3361,1.7978,27.2662,15.1805,0.174,1.7298,52.5148,5.2821,9.9419,3.1,0.3141,27,81.9713,149,452.3602,7.4,9.6,41,25,59
D,1,12,1,4166.4,4.1664,96.6233068,0,,96.6233068,,1,1,0,1.518,9.0661,42.2107,30.45,19.3613,0.6377,1.2945,24.1863,18.7313,10.2047,0.3361,1.7978,27.2662,15.1805,0.174,1.7298,52.5148,5.2821,9.9419,3.1,0.3141,27,81.9713,149,452.3602,7.4,9.6,41,25,59
D,2,12,1,2809.2,2.8092,66.5147568,0,,66.5147568,,1,1,0,1.518,9.0661,42.2107,30.45,19.3613,0.6377,1.2945,24.1863,18.7313,10.2047,0.3361,1.7978,27.2662,15.1805,0.174,1.7298,52.5148,5.2821,9.9419,3.1,0.3141,27,81.9713,149,452.3602,7.4,9.6,41,25,59
D,3,12,1,3021.6,3.0216,62.3711616,0,,62.3711616,,1,1,0,1.518,9.0661,42.2107,30.45,19.3613,0.6377,1.2945,24.1863,18.7313,10.2047,0.3361,1.7978,27.2662,15.1805,0.174,1.7298,52.5148,5.2821,9.9419,3.1,0.3141,27,81.9713,149,452.3602,7.4,9.6,41,25,59
D,4,12,1,4266,4.266,90.8120664,0,,90.8120664,,1,1,0,1.518,9.0661,42.2107,30.45,19.3613,0.6377,1.2945,24.1863,18.7313,10.2047,0.3361,1.7978,27.2662,15.1805,0.174,1.7298,52.5148,5.2821,9.9419,3.1,0.3141,27,81.9713,149,452.3602,7.4,9.6,41,25,59
E,1,1,3,2322.4,2.3224,75.1004822,3320.4,5.534270312,69.56621189,7133.2,2,2,0,1.5172,11.3265,30.8153,37.18,27.1084,0.8934,1.5952,25.0702,15.7324,13.725,0.4523,1.6844,25.6698,15.2695,0.1581,1.65,50.0669,4.7972,10.4368,3.2,0.4205,44,133.5157,145,439.9951,7.3,7.5,55,15,45
E,2,1,3,1211.2,1.2112,43.21078898,1316.4,7.084701125,36.12608785,6325.2,1,0,0,1.5172,11.3265,30.8153,37.18,27.1084,0.8934,1.5952,25.0702,15.7324,13.725,0.4523,1.6844,25.6698,15.2695,0.1581,1.65,50.0669,4.7972,10.4368,3.2,0.4205,44,133.5157,145,439.9951,7.3,7.5,55,15,45
E,3,1,3,2857.6,2.8576,100.930099,4540.4,38.22803024,62.70206879,7845.2,3,2,1,1.5172,11.3265,30.8153,37.18,27.1084,0.8934,1.5952,25.0702,15.7324,13.725,0.4523,1.6844,25.6698,15.2695,0.1581,1.65,50.0669,4.7972,10.4368,3.2,0.4205,44,133.5157,145,439.9951,7.3,7.5,55,15,45
E,4,1,3,1987.2,1.9872,62.39072423,4727.6,1.965220787,60.42550344,9446,2,2,1,1.5172,11.3265,30.8153,37.18,27.1084,0.8934,1.5952,25.0702,15.7324,13.725,0.4523,1.6844,25.6698,15.2695,0.1581,1.65,50.0669,4.7972,10.4368,3.2,0.4205,44,133.5157,145,439.9951,7.3,7.5,55,15,45
E,1,2,3,1726.4,1.7264,73.44136961,3989.6,10.58424336,62.85712625,7133.2,2,2,0,1.5172,11.3265,30.8153,37.18,27.1084,0.8934,1.5952,25.0702,15.7324,13.725,0.4523,1.6844,25.6698,15.2695,0.1581,1.65,50.0669,4.7972,10.4368,3.2,0.4205,44,133.5157,145,439.9951,7.3,7.5,55,15,45
E,2,2,3,2686,2.686,138.8327099,891.6,5.568311839,133.2643981,6325.2,1,1,1,1.5172,11.3265,30.8153,37.18,27.1084,0.8934,1.5952,25.0702,15.7324,13.725,0.4523,1.6844,25.6698,15.2695,0.1581,1.65,50.0669,4.7972,10.4368,3.2,0.4205,44,133.5157,145,439.9951,7.3,7.5,55,15,45
E,3,2,3,3282.8,3.2828,155.9727322,2326,13.81057846,142.1621537,7845.2,3,1,1,1.5172,11.3265,30.8153,37.18,27.1084,0.8934,1.5952,25.0702,15.7324,13.725,0.4523,1.6844,25.6698,15.2695,0.1581,1.65,50.0669,4.7972,10.4368,3.2,0.4205,44,133.5157,145,439.9951,7.3,7.5,55,15,45
E,4,2,3,2328,2.328,107.91,3487.2,18.76437604,89.14562396,9446,3,2,0,1.5172,11.3265,30.8153,37.18,27.1084,0.8934,1.5952,25.0702,15.7324,13.725,0.4523,1.6844,25.6698,15.2695,0.1581,1.65,50.0669,4.7972,10.4368,3.2,0.4205,44,133.5157,145,439.9951,7.3,7.5,55,15,45
E,1,3,3,4127.6,4.1276,147.64,4939.2,,147.64,7133.2,2,2,2,1.5172,11.3265,30.8153,37.18,27.1084,0.8934,1.5952,25.0702,15.7324,13.725,0.4523,1.6844,25.6698,15.2695,0.1581,1.65,50.0669,4.7972,10.4368,3.2,0.4205,44,133.5157,145,439.9951,7.3,7.5,55,15,45
E,2,3,3,3766,3.766,123.79,3382.4,,123.79,6325.2,2,2,1,1.5172,11.3265,30.8153,37.18,27.1084,0.8934,1.5952,25.0702,15.7324,13.725,0.4523,1.6844,25.6698,15.2695,0.1581,1.65,50.0669,4.7972,10.4368,3.2,0.4205,44,133.5157,145,439.9951,7.3,7.5,55,15,45
E,3,3,3,4352.8,4.3528,120.68,5296,,120.68,7845.2,2,2,2,1.5172,11.3265,30.8153,37.18,27.1084,0.8934,1.5952,25.0702,15.7324,13.725,0.4523,1.6844,25.6698,15.2695,0.1581,1.65,50.0669,4.7972,10.4368,3.2,0.4205,44,133.5157,145,439.9951,7.3,7.5,55,15,45
E,4,3,3,3130.8,3.1308,69.62,6574,,69.62,9446,2,2,1,1.5172,11.3265,30.8153,37.18,27.1084,0.8934,1.5952,25.0702,15.7324,13.725,0.4523,1.6844,25.6698,15.2695,0.1581,1.65,50.0669,4.7972,10.4368,3.2,0.4205,44,133.5157,145,439.9951,7.3,7.5,55,15,45
E,1,4,2,4719.6,4.7196,181.8498989,1826.8,0.357483478,181.4924154,7133.2,2,1,1,1.5172,11.3265,30.8153,37.18,27.1084,0.8934,1.5952,25.0702,15.7324,13.725,0.4523,1.6844,25.6698,15.2695,0.1581,1.65,50.0669,4.7972,10.4368,3.2,0.4205,44,133.5157,145,439.9951,7.3,7.5,55,15,45
E,2,4,2,3568,3.568,108.4157308,3232.4,6.447577299,101.9681535,6325.2,2,2,0,1.5172,11.3265,30.8153,37.18,27.1084,0.8934,1.5952,25.0702,15.7324,13.725,0.4523,1.6844,25.6698,15.2695,0.1581,1.65,50.0669,4.7972,10.4368,3.2,0.4205,44,133.5157,145,439.9951,7.3,7.5,55,15,45
E,3,4,2,2411.2,2.4112,96.66862776,3496.4,2.113609039,94.55501872,7845.2,2,2,0,1.5172,11.3265,30.8153,37.18,27.1084,0.8934,1.5952,25.0702,15.7324,13.725,0.4523,1.6844,25.6698,15.2695,0.1581,1.65,50.0669,4.7972,10.4368,3.2,0.4205,44,133.5157,145,439.9951,7.3,7.5,55,15,45
E,4,4,2,2043.2,2.0432,74.77807346,2336.4,0.597140748,74.18093271,9446,2,1,0,1.5172,11.3265,30.8153,37.18,27.1084,0.8934,1.5952,25.0702,15.7324,13.725,0.4523,1.6844,25.6698,15.2695,0.1581,1.65,50.0669,4.7972,10.4368,3.2,0.4205,44,133.5157,145,439.9951,7.3,7.5,55,15,45
E,1,5,2,4378.8,4.3788,133.3287613,3464.4,5.203526078,128.1252352,7133.2,2,2,1,1.5172,11.3265,30.8153,37.18,27.1084,0.8934,1.5952,25.0702,15.7324,13.725,0.4523,1.6844,25.6698,15.2695,0.1581,1.65,50.0669,4.7972,10.4368,3.2,0.4205,44,133.5157,145,439.9951,7.3,7.5,55,15,45
E,2,5,2,2345.6,2.3456,67.33937479,2415.6,0.56268794,66.77668685,6325.2,2,1,0,1.5172,11.3265,30.8153,37.18,27.1084,0.8934,1.5952,25.0702,15.7324,13.725,0.4523,1.6844,25.6698,15.2695,0.1581,1.65,50.0669,4.7972,10.4368,3.2,0.4205,44,133.5157,145,439.9951,7.3,7.5,55,15,45
E,3,5,2,5385.6,5.3856,206.6441611,5436.4,3.132926232,203.5112348,7845.2,2,2,2,1.5172,11.3265,30.8153,37.18,27.1084,0.8934,1.5952,25.0702,15.7324,13.725,0.4523,1.6844,25.6698,15.2695,0.1581,1.65,50.0669,4.7972,10.4368,3.2,0.4205,44,133.5157,145,439.9951,7.3,7.5,55,15,45
E,4,5,2,1890.4,1.8904,53.78815535,4687.6,2.281882652,51.5062727,9446,2,2,1,1.5172,11.3265,30.8153,37.18,27.1084,0.8934,1.5952,25.0702,15.7324,13.725,0.4523,1.6844,25.6698,15.2695,0.1581,1.65,50.0669,4.7972,10.4368,3.2,0.4205,44,133.5157,145,439.9951,7.3,7.5,55,15,45
E,1,7,2,3598.4,3.5984,114.3619922,3731.6,10.56083631,103.8011559,7133.2,2,2,0,1.5172,11.3265,30.8153,37.18,27.1084,0.8934,1.5952,25.0702,15.7324,13.725,0.4523,1.6844,25.6698,15.2695,0.1581,1.65,50.0669,4.7972,10.4368,3.2,0.4205,44,133.5157,145,439.9951,7.3,7.5,55,15,45
E,2,7,2,5044.8,5.0448,129.7339484,2276.8,15.90032546,113.8336229,6325.2,3,1,1,1.5172,11.3265,30.8153,37.18,27.1084,0.8934,1.5952,25.0702,15.7324,13.725,0.4523,1.6844,25.6698,15.2695,0.1581,1.65,50.0669,4.7972,10.4368,3.2,0.4205,44,133.5157,145,439.9951,7.3,7.5,55,15,45
E,3,7,2,3018.4,3.0184,109.9167591,1660.8,47.90706298,62.00969608,7845.2,2,2,0,1.5172,11.3265,30.8153,37.18,27.1084,0.8934,1.5952,25.0702,15.7324,13.725,0.4523,1.6844,25.6698,15.2695,0.1581,1.65,50.0669,4.7972,10.4368,3.2,0.4205,44,133.5157,145,439.9951,7.3,7.5,55,15,45
E,4,7,2,3123.6,3.1236,115.8494761,2942.8,48.95130409,66.89817205,9446,3,3,0,1.5172,11.3265,30.8153,37.18,27.1084,0.8934,1.5952,25.0702,15.7324,13.725,0.4523,1.6844,25.6698,15.2695,0.1581,1.65,50.0669,4.7972,10.4368,3.2,0.4205,44,133.5157,145,439.9951,7.3,7.5,55,15,45
E,1,8,1,2047.6,2.0476,68.32,2.4,24.49951696,43.82048304,7133.2,2,0,0,1.5172,11.3265,30.8153,37.18,27.1084,0.8934,1.5952,25.0702,15.7324,13.725,0.4523,1.6844,25.6698,15.2695,0.1581,1.65,50.0669,4.7972,10.4368,3.2,0.4205,44,133.5157,145,439.9951,7.3,7.5,55,15,45
E,2,8,1,1326,1.326,54.05462209,116.8,32.64460826,21.41001384,6325.2,2,0,0,1.5172,11.3265,30.8153,37.18,27.1084,0.8934,1.5952,25.0702,15.7324,13.725,0.4523,1.6844,25.6698,15.2695,0.1581,1.65,50.0669,4.7972,10.4368,3.2,0.4205,44,133.5157,145,439.9951,7.3,7.5,55,15,45
E,3,8,1,671.6,0.6716,31.69,866,13.44076499,18.24923501,7845.2,1,0,0,1.5172,11.3265,30.8153,37.18,27.1084,0.8934,1.5952,25.0702,15.7324,13.725,0.4523,1.6844,25.6698,15.2695,0.1581,1.65,50.0669,4.7972,10.4368,3.2,0.4205,44,133.5157,145,439.9951,7.3,7.5,55,15,45
E,4,8,1,1652.4,1.6524,47.63750424,984,25.74874696,21.88875728,9446,2,0,0,1.5172,11.3265,30.8153,37.18,27.1084,0.8934,1.5952,25.0702,15.7324,13.725,0.4523,1.6844,25.6698,15.2695,0.1581,1.65,50.0669,4.7972,10.4368,3.2,0.4205,44,133.5157,145,439.9951,7.3,7.5,55,15,45
E,1,9,1,5104.4,5.1044,88.78836098,6310,,88.78836098,7133.2,2,2,1,1.5172,11.3265,30.8153,37.18,27.1084,0.8934,1.5952,25.0702,15.7324,13.725,0.4523,1.6844,25.6698,15.2695,0.1581,1.65,50.0669,4.7972,10.4368,3.2,0.4205,44,133.5157,145,439.9951,7.3,7.5,55,15,45
E,2,9,1,5871.2,5.8712,135.8217328,4045.2,,135.8217328,6325.2,2,2,1,1.5172,11.3265,30.8153,37.18,27.1084,0.8934,1.5952,25.0702,15.7324,13.725,0.4523,1.6844,25.6698,15.2695,0.1581,1.65,50.0669,4.7972,10.4368,3.2,0.4205,44,133.5157,145,439.9951,7.3,7.5,55,15,45
E,3,9,1,7447.2,7.4472,191.182016,4807.6,,191.182016,7845.2,2,2,2,1.5172,11.3265,30.8153,37.18,27.1084,0.8934,1.5952,25.0702,15.7324,13.725,0.4523,1.6844,25.6698,15.2695,0.1581,1.65,50.0669,4.7972,10.4368,3.2,0.4205,44,133.5157,145,439.9951,7.3,7.5,55,15,45
E,4,9,1,8178.8,8.1788,178.3854486,5926.8,,178.3854486,9446,2,2,2,1.5172,11.3265,30.8153,37.18,27.1084,0.8934,1.5952,25.0702,15.7324,13.725,0.4523,1.6844,25.6698,15.2695,0.1581,1.65,50.0669,4.7972,10.4368,3.2,0.4205,44,133.5157,145,439.9951,7.3,7.5,55,15,45
E,1,10,1,3926,3.926,87.62,5416,,87.62,7133.2,2,2,1,1.5172,11.3265,30.8153,37.18,27.1084,0.8934,1.5952,25.0702,15.7324,13.725,0.4523,1.6844,25.6698,15.2695,0.1581,1.65,50.0669,4.7972,10.4368,3.2,0.4205,44,133.5157,145,439.9951,7.3,7.5,55,15,45
E,2,10,1,2336.8,2.3368,55.23,2683.2,,55.23,6325.2,2,1,0,1.5172,11.3265,30.8153,37.18,27.1084,0.8934,1.5952,25.0702,15.7324,13.725,0.4523,1.6844,25.6698,15.2695,0.1581,1.65,50.0669,4.7972,10.4368,3.2,0.4205,44,133.5157,145,439.9951,7.3,7.5,55,15,45
E,3,10,1,4623.2,4.6232,136.09,4942.8,,136.09,7845.2,2,2,2,1.5172,11.3265,30.8153,37.18,27.1084,0.8934,1.5952,25.0702,15.7324,13.725,0.4523,1.6844,25.6698,15.2695,0.1581,1.65,50.0669,4.7972,10.4368,3.2,0.4205,44,133.5157,145,439.9951,7.3,7.5,55,15,45
E,4,10,1,2512.8,2.5128,76.66,4536.8,,76.66,9446,2,2,1,1.5172,11.3265,30.8153,37.18,27.1084,0.8934,1.5952,25.0702,15.7324,13.725,0.4523,1.6844,25.6698,15.2695,0.1581,1.65,50.0669,4.7972,10.4368,3.2,0.4205,44,133.5157,145,439.9951,7.3,7.5,55,15,45
E,1,12,1,7133.2,7.1332,150.0564638,0,,150.0564638,,1,1,1,1.5172,11.3265,30.8153,37.18,27.1084,0.8934,1.5952,25.0702,15.7324,13.725,0.4523,1.6844,25.6698,15.2695,0.1581,1.65,50.0669,4.7972,10.4368,3.2,0.4205,44,133.5157,145,439.9951,7.3,7.5,55,15,45
E,2,12,1,6325.2,6.3252,157.536284,0,,157.536284,,1,1,1,1.5172,11.3265,30.8153,37.18,27.1084,0.8934,1.5952,25.0702,15.7324,13.725,0.4523,1.6844,25.6698,15.2695,0.1581,1.65,50.0669,4.7972,10.4368,3.2,0.4205,44,133.5157,145,439.9951,7.3,7.5,55,15,45
E,3,12,1,7845.2,7.8452,206.2837552,0,,206.2837552,,1,1,1,1.5172,11.3265,30.8153,37.18,27.1084,0.8934,1.5952,25.0702,15.7324,13.725,0.4523,1.6844,25.6698,15.2695,0.1581,1.65,50.0669,4.7972,10.4368,3.2,0.4205,44,133.5157,145,439.9951,7.3,7.5,55,15,45
E,4,12,1,9446,9.446,249.304682,0,,249.304682,,1,1,1,1.5172,11.3265,30.8153,37.18,27.1084,0.8934,1.5952,25.0702,15.7324,13.725,0.4523,1.6844,25.6698,15.2695,0.1581,1.65,50.0669,4.7972,10.4368,3.2,0.4205,44,133.5157,145,439.9951,7.3,7.5,55,15,45
F,1,1,3,1308.4,1.3084,38.08033012,1182.8,16.40201027,21.67831985,1602.8,2,0,0,1.5428,16.0642,41.4844,49.52,9.3486,0.303,1.4883,25.317,17.061,5.409,0.1753,1.6716,23.0637,14.6031,0.143,1.3864,42.7776,4.4121,9.6954,2.2,0.2174,21,64.7983,67,206.7373,6.3,6.9,67,11,33
F,2,1,3,1449.2,1.4492,51.92870891,371.6,20.17786096,31.75084795,1156.8,2,0,0,1.5428,16.0642,41.4844,49.52,9.3486,0.303,1.4883,25.317,17.061,5.409,0.1753,1.6716,23.0637,14.6031,0.143,1.3864,42.7776,4.4121,9.6954,2.2,0.2174,21,64.7983,67,206.7373,6.3,6.9,67,11,33
F,3,1,3,3412.4,3.4124,87.6534604,1219.4,32.77307448,54.88038592,2216,2,1,0,1.5428,16.0642,41.4844,49.52,9.3486,0.303,1.4883,25.317,17.061,5.409,0.1753,1.6716,23.0637,14.6031,0.143,1.3864,42.7776,4.4121,9.6954,2.2,0.2174,21,64.7983,67,206.7373,6.3,6.9,67,11,33
F,4,1,3,3764,3.764,99.29121266,2350.4,31.24305887,68.04815379,2906,3,1,0,1.5428,16.0642,41.4844,49.52,9.3486,0.303,1.4883,25.317,17.061,5.409,0.1753,1.6716,23.0637,14.6031,0.143,1.3864,42.7776,4.4121,9.6954,2.2,0.2174,21,64.7983,67,206.7373,6.3,6.9,67,11,33
F,1,2,3,658,0.658,28.09344467,650.8,14.78809579,13.30534888,1602.8,1,0,0,1.5428,16.0642,41.4844,49.52,9.3486,0.303,1.4883,25.317,17.061,5.409,0.1753,1.6716,23.0637,14.6031,0.143,1.3864,42.7776,4.4121,9.6954,2.2,0.2174,21,64.7983,67,206.7373,6.3,6.9,67,11,33
F,2,2,3,858,0.858,31.97147337,706,13.6367858,18.33468757,1156.8,1,0,0,1.5428,16.0642,41.4844,49.52,9.3486,0.303,1.4883,25.317,17.061,5.409,0.1753,1.6716,23.0637,14.6031,0.143,1.3864,42.7776,4.4121,9.6954,2.2,0.2174,21,64.7983,67,206.7373,6.3,6.9,67,11,33
F,3,2,3,1600,1.6,35.84008504,1248.2,15.42344672,20.41663832,2216,2,0,0,1.5428,16.0642,41.4844,49.52,9.3486,0.303,1.4883,25.317,17.061,5.409,0.1753,1.6716,23.0637,14.6031,0.143,1.3864,42.7776,4.4121,9.6954,2.2,0.2174,21,64.7983,67,206.7373,6.3,6.9,67,11,33
F,4,2,3,987.6,0.9876,21.9375863,1518.4,6.975129128,14.96245717,2906,0,0,0,1.5428,16.0642,41.4844,49.52,9.3486,0.303,1.4883,25.317,17.061,5.409,0.1753,1.6716,23.0637,14.6031,0.143,1.3864,42.7776,4.4121,9.6954,2.2,0.2174,21,64.7983,67,206.7373,6.3,6.9,67,11,33
F,1,3,3,1355.2,1.3552,39.4661804,1090.8,,39.4661804,1602.8,1,0,0,1.5428,16.0642,41.4844,49.52,9.3486,0.303,1.4883,25.317,17.061,5.409,0.1753,1.6716,23.0637,14.6031,0.143,1.3864,42.7776,4.4121,9.6954,2.2,0.2174,21,64.7983,67,206.7373,6.3,6.9,67,11,33
F,2,3,3,970.4,0.9704,31.83,662.8,,31.83,1156.8,1,0,0,1.5428,16.0642,41.4844,49.52,9.3486,0.303,1.4883,25.317,17.061,5.409,0.1753,1.6716,23.0637,14.6031,0.143,1.3864,42.7776,4.4121,9.6954,2.2,0.2174,21,64.7983,67,206.7373,6.3,6.9,67,11,33
F,3,3,3,1691.2,1.6912,24.85777293,1561.8,,24.85777293,2216,1,0,0,1.5428,16.0642,41.4844,49.52,9.3486,0.303,1.4883,25.317,17.061,5.409,0.1753,1.6716,23.0637,14.6031,0.143,1.3864,42.7776,4.4121,9.6954,2.2,0.2174,21,64.7983,67,206.7373,6.3,6.9,67,11,33
F,4,3,3,1588.4,1.5884,22.13,1698,,22.13,2906,1,0,0,1.5428,16.0642,41.4844,49.52,9.3486,0.303,1.4883,25.317,17.061,5.409,0.1753,1.6716,23.0637,14.6031,0.143,1.3864,42.7776,4.4121,9.6954,2.2,0.2174,21,64.7983,67,206.7373,6.3,6.9,67,11,33
F,1,4,2,802.4,0.8024,30.58353595,1107.6,10.49287177,20.09066418,1602.8,1,0,0,1.5428,16.0642,41.4844,49.52,9.3486,0.303,1.4883,25.317,17.061,5.409,0.1753,1.6716,23.0637,14.6031,0.143,1.3864,42.7776,4.4121,9.6954,2.2,0.2174,21,64.7983,67,206.7373,6.3,6.9,67,11,33
F,2,4,2,606.4,0.6064,17.74831345,820.4,10.84432133,6.903992123,1156.8,0,0,0,1.5428,16.0642,41.4844,49.52,9.3486,0.303,1.4883,25.317,17.061,5.409,0.1753,1.6716,23.0637,14.6031,0.143,1.3864,42.7776,4.4121,9.6954,2.2,0.2174,21,64.7983,67,206.7373,6.3,6.9,67,11,33
F,3,4,2,1734.4,1.7344,49.58399507,1238.8,15.09738029,34.48661478,2216,2,0,0,1.5428,16.0642,41.4844,49.52,9.3486,0.303,1.4883,25.317,17.061,5.409,0.1753,1.6716,23.0637,14.6031,0.143,1.3864,42.7776,4.4121,9.6954,2.2,0.2174,21,64.7983,67,206.7373,6.3,6.9,67,11,33
F,4,4,2,1406,1.406,41.75413393,1841.4,12.54649287,29.20764106,2906,2,0,0,1.5428,16.0642,41.4844,49.52,9.3486,0.303,1.4883,25.317,17.061,5.409,0.1753,1.6716,23.0637,14.6031,0.143,1.3864,42.7776,4.4121,9.6954,2.2,0.2174,21,64.7983,67,206.7373,6.3,6.9,67,11,33
F,1,5,2,836.4,0.8364,27.97905092,1202.8,10.28189344,17.69715748,1602.8,1,0,0,1.5428,16.0642,41.4844,49.52,9.3486,0.303,1.4883,25.317,17.061,5.409,0.1753,1.6716,23.0637,14.6031,0.143,1.3864,42.7776,4.4121,9.6954,2.2,0.2174,21,64.7983,67,206.7373,6.3,6.9,67,11,33
F,2,5,2,521.6,0.5216,16.20379825,-258.4,5.450838874,10.75295938,1156.8,0,0,0,1.5428,16.0642,41.4844,49.52,9.3486,0.303,1.4883,25.317,17.061,5.409,0.1753,1.6716,23.0637,14.6031,0.143,1.3864,42.7776,4.4121,9.6954,2.2,0.2174,21,64.7983,67,206.7373,6.3,6.9,67,11,33
F,3,5,2,2852,2.852,76.50816739,912.6,23.34273817,53.16542922,2216,2,1,0,1.5428,16.0642,41.4844,49.52,9.3486,0.303,1.4883,25.317,17.061,5.409,0.1753,1.6716,23.0637,14.6031,0.143,1.3864,42.7776,4.4121,9.6954,2.2,0.2174,21,64.7983,67,206.7373,6.3,6.9,67,11,33
F,4,5,2,1892,1.892,45.70825727,1407,9.893880541,35.81437673,2906,1,0,0,1.5428,16.0642,41.4844,49.52,9.3486,0.303,1.4883,25.317,17.061,5.409,0.1753,1.6716,23.0637,14.6031,0.143,1.3864,42.7776,4.4121,9.6954,2.2,0.2174,21,64.7983,67,206.7373,6.3,6.9,67,11,33
F,1,7,2,621.2,0.6212,28.58253377,1032,0,28.58253377,1602.8,1,0,0,1.5428,16.0642,41.4844,49.52,9.3486,0.303,1.4883,25.317,17.061,5.409,0.1753,1.6716,23.0637,14.6031,0.143,1.3864,42.7776,4.4121,9.6954,2.2,0.2174,21,64.7983,67,206.7373,6.3,6.9,67,11,33
F,2,7,2,2226.8,2.2268,71.39003589,559.2,6.000110874,65.38992502,1156.8,1,1,0,1.5428,16.0642,41.4844,49.52,9.3486,0.303,1.4883,25.317,17.061,5.409,0.1753,1.6716,23.0637,14.6031,0.143,1.3864,42.7776,4.4121,9.6954,2.2,0.2174,21,64.7983,67,206.7373,6.3,6.9,67,11,33
F,3,7,2,2842,2.842,74.56943156,1669.2,15.05172575,59.51770581,2216,2,1,0,1.5428,16.0642,41.4844,49.52,9.3486,0.303,1.4883,25.317,17.061,5.409,0.1753,1.6716,23.0637,14.6031,0.143,1.3864,42.7776,4.4121,9.6954,2.2,0.2174,21,64.7983,67,206.7373,6.3,6.9,67,11,33
F,4,7,2,2051.6,2.0516,66.73708444,1635.8,12.43358316,54.30350128,2906,1,1,0,1.5428,16.0642,41.4844,49.52,9.3486,0.303,1.4883,25.317,17.061,5.409,0.1753,1.6716,23.0637,14.6031,0.143,1.3864,42.7776,4.4121,9.6954,2.2,0.2174,21,64.7983,67,206.7373,6.3,6.9,67,11,33
F,1,8,1,1039.6,1.0396,36.66407397,1118,18.27725911,18.38681486,1602.8,2,0,0,1.5428,16.0642,41.4844,49.52,9.3486,0.303,1.4883,25.317,17.061,5.409,0.1753,1.6716,23.0637,14.6031,0.143,1.3864,42.7776,4.4121,9.6954,2.2,0.2174,21,64.7983,67,206.7373,6.3,6.9,67,11,33
F,2,8,1,1137.2,1.1372,33.99639368,807.2,8.437369813,25.55902387,1156.8,1,0,0,1.5428,16.0642,41.4844,49.52,9.3486,0.303,1.4883,25.317,17.061,5.409,0.1753,1.6716,23.0637,14.6031,0.143,1.3864,42.7776,4.4121,9.6954,2.2,0.2174,21,64.7983,67,206.7373,6.3,6.9,67,11,33
F,3,8,1,1095.2,1.0952,24.94332399,1144.8,16.05763717,8.88568682,2216,1,0,0,1.5428,16.0642,41.4844,49.52,9.3486,0.303,1.4883,25.317,17.061,5.409,0.1753,1.6716,23.0637,14.6031,0.143,1.3864,42.7776,4.4121,9.6954,2.2,0.2174,21,64.7983,67,206.7373,6.3,6.9,67,11,33
F,4,8,1,1700.8,1.7008,38.3207843,1660.6,12.61342396,25.70736034,2906,1,0,0,1.5428,16.0642,41.4844,49.52,9.3486,0.303,1.4883,25.317,17.061,5.409,0.1753,1.6716,23.0637,14.6031,0.143,1.3864,42.7776,4.4121,9.6954,2.2,0.2174,21,64.7983,67,206.7373,6.3,6.9,67,11,33
F,1,9,1,1334.8,1.3348,38.16060911,1379.6,,38.16060911,1602.8,1,0,0,1.5428,16.0642,41.4844,49.52,9.3486,0.303,1.4883,25.317,17.061,5.409,0.1753,1.6716,23.0637,14.6031,0.143,1.3864,42.7776,4.4121,9.6954,2.2,0.2174,21,64.7983,67,206.7373,6.3,6.9,67,11,33
F,2,9,1,1605.6,1.6056,45.34035445,1099.2,,45.34035445,1156.8,1,0,0,1.5428,16.0642,41.4844,49.52,9.3486,0.303,1.4883,25.317,17.061,5.409,0.1753,1.6716,23.0637,14.6031,0.143,1.3864,42.7776,4.4121,9.6954,2.2,0.2174,21,64.7983,67,206.7373,6.3,6.9,67,11,33
F,3,9,1,2823.2,2.8232,52.33506582,1833,,52.33506582,2216,2,1,0,1.5428,16.0642,41.4844,49.52,9.3486,0.303,1.4883,25.317,17.061,5.409,0.1753,1.6716,23.0637,14.6031,0.143,1.3864,42.7776,4.4121,9.6954,2.2,0.2174,21,64.7983,67,206.7373,6.3,6.9,67,11,33
F,4,9,1,3525.6,3.5256,63.6828916,2257.2,,63.6828916,2906,2,1,0,1.5428,16.0642,41.4844,49.52,9.3486,0.303,1.4883,25.317,17.061,5.409,0.1753,1.6716,23.0637,14.6031,0.143,1.3864,42.7776,4.4121,9.6954,2.2,0.2174,21,64.7983,67,206.7373,6.3,6.9,67,11,33
F,1,10,1,1775.2,1.7752,67.656476,1300.4,,67.656476,1602.8,1,1,0,1.5428,16.0642,41.4844,49.52,9.3486,0.303,1.4883,25.317,17.061,5.409,0.1753,1.6716,23.0637,14.6031,0.143,1.3864,42.7776,4.4121,9.6954,2.2,0.2174,21,64.7983,67,206.7373,6.3,6.9,67,11,33
F,2,10,1,1095.6,1.0956,39.2933744,1065.2,,39.2933744,1156.8,1,0,0,1.5428,16.0642,41.4844,49.52,9.3486,0.303,1.4883,25.317,17.061,5.409,0.1753,1.6716,23.0637,14.6031,0.143,1.3864,42.7776,4.4121,9.6954,2.2,0.2174,21,64.7983,67,206.7373,6.3,6.9,67,11,33
F,3,10,1,1887.6,1.8876,39.865016,843.8,,39.865016,2216,1,0,0,1.5428,16.0642,41.4844,49.52,9.3486,0.303,1.4883,25.317,17.061,5.409,0.1753,1.6716,23.0637,14.6031,0.143,1.3864,42.7776,4.4121,9.6954,2.2,0.2174,21,64.7983,67,206.7373,6.3,6.9,67,11,33
F,4,10,1,1479.2,1.4792,30.972123,1605,,30.972123,2906,1,0,0,1.5428,16.0642,41.4844,49.52,9.3486,0.303,1.4883,25.317,17.061,5.409,0.1753,1.6716,23.0637,14.6031,0.143,1.3864,42.7776,4.4121,9.6954,2.2,0.2174,21,64.7983,67,206.7373,6.3,6.9,67,11,33
F,1,12,1,1602.8,1.6028,43.001859,0,,43.001859,,1,0,0,1.5428,16.0642,41.4844,49.52,9.3486,0.303,1.4883,25.317,17.061,5.409,0.1753,1.6716,23.0637,14.6031,0.143,1.3864,42.7776,4.4121,9.6954,2.2,0.2174,21,64.7983,67,206.7373,6.3,6.9,67,11,33
F,2,12,1,1156.8,1.1568,39.871841,0,,39.871841,,1,0,0,1.5428,16.0642,41.4844,49.52,9.3486,0.303,1.4883,25.317,17.061,5.409,0.1753,1.6716,23.0637,14.6031,0.143,1.3864,42.7776,4.4121,9.6954,2.2,0.2174,21,64.7983,67,206.7373,6.3,6.9,67,11,33
F,3,12,1,2216,2.216,48.1345832,0,,48.1345832,,1,0,0,1.5428,16.0642,41.4844,49.52,9.3486,0.303,1.4883,25.317,17.061,5.409,0.1753,1.6716,23.0637,14.6031,0.143,1.3864,42.7776,4.4121,9.6954,2.2,0.2174,21,64.7983,67,206.7373,6.3,6.9,67,11,33
F,4,12,1,2906,2.906,63.8729976,0,,63.8729976,,1,1,0,1.5428,16.0642,41.4844,49.52,9.3486,0.303,1.4883,25.317,17.061,5.409,0.1753,1.6716,23.0637,14.6031,0.143,1.3864,42.7776,4.4121,9.6954,2.2,0.2174,21,64.7983,67,206.7373,6.3,6.9,67,11,33
G,1,1,3,5139.2,5.1392,165.8815913,1952,93.46675722,72.41483407,2044.8,3,2,1,1.7629,8.3049,41.1421,44.66,13.692,0.3883,0.9366,24.0165,25.7442,10.4363,0.296,1.1084,22.6274,20.6371,0.1193,1.1658,41.1015,4.2062,9.7716,2,0.3422,4,14.103,91,320.8434,6.6,8.2,51,25,49
G,2,1,3,5449.2,5.4492,181.4102366,2075.6,86.44646646,94.9637701,2688.4,3,2,0,1.7629,8.3049,41.1421,44.66,13.692,0.3883,0.9366,24.0165,25.7442,10.4363,0.296,1.1084,22.6274,20.6371,0.1193,1.1658,41.1015,4.2062,9.7716,2,0.3422,4,14.103,91,320.8434,6.6,8.2,51,25,49
G,3,1,3,6063.2,6.0632,179.0207965,2136,91.59517167,87.42562486,2526.4,3,2,1,1.7629,8.3049,41.1421,44.66,13.692,0.3883,0.9366,24.0165,25.7442,10.4363,0.296,1.1084,22.6274,20.6371,0.1193,1.1658,41.1015,4.2062,9.7716,2,0.3422,4,14.103,91,320.8434,6.6,8.2,51,25,49
G,4,1,3,5592.8,5.5928,170.7190836,2409.2,102.2984169,68.42066671,3369.2,3,2,1,1.7629,8.3049,41.1421,44.66,13.692,0.3883,0.9366,24.0165,25.7442,10.4363,0.296,1.1084,22.6274,20.6371,0.1193,1.1658,41.1015,4.2062,9.7716,2,0.3422,4,14.103,91,320.8434,6.6,8.2,51,25,49
G,1,2,3,1212.8,1.2128,53.52140877,894.4,23.03126946,30.49013931,2044.8,2,0,0,1.7629,8.3049,41.1421,44.66,13.692,0.3883,0.9366,24.0165,25.7442,10.4363,0.296,1.1084,22.6274,20.6371,0.1193,1.1658,41.1015,4.2062,9.7716,2,0.3422,4,14.103,91,320.8434,6.6,8.2,51,25,49
G,2,2,3,2530,2.53,106.0429052,1598.4,24.05823973,81.98466552,2688.4,2,1,0,1.7629,8.3049,41.1421,44.66,13.692,0.3883,0.9366,24.0165,25.7442,10.4363,0.296,1.1084,22.6274,20.6371,0.1193,1.1658,41.1015,4.2062,9.7716,2,0.3422,4,14.103,91,320.8434,6.6,8.2,51,25,49
G,3,2,3,1834,1.834,59.61773326,1560,28.37534046,31.2423928,2526.4,2,0,0,1.7629,8.3049,41.1421,44.66,13.692,0.3883,0.9366,24.0165,25.7442,10.4363,0.296,1.1084,22.6274,20.6371,0.1193,1.1658,41.1015,4.2062,9.7716,2,0.3422,4,14.103,91,320.8434,6.6,8.2,51,25,49
G,4,2,3,2609.6,2.6096,105.8143677,3007.6,55.87163124,49.94273645,3369.2,3,3,0,1.7629,8.3049,41.1421,44.66,13.692,0.3883,0.9366,24.0165,25.7442,10.4363,0.296,1.1084,22.6274,20.6371,0.1193,1.1658,41.1015,4.2062,9.7716,2,0.3422,4,14.103,91,320.8434,6.6,8.2,51,25,49
G,1,3,3,3415.6,3.4156,91.2,514.8,,91.2,2044.8,1,1,0,1.7629,8.3049,41.1421,44.66,13.692,0.3883,0.9366,24.0165,25.7442,10.4363,0.296,1.1084,22.6274,20.6371,0.1193,1.1658,41.1015,4.2062,9.7716,2,0.3422,4,14.103,91,320.8434,6.6,8.2,51,25,49
G,2,3,3,1510,1.51,57.42,1994.4,,57.42,2688.4,2,1,0,1.7629,8.3049,41.1421,44.66,13.692,0.3883,0.9366,24.0165,25.7442,10.4363,0.296,1.1084,22.6274,20.6371,0.1193,1.1658,41.1015,4.2062,9.7716,2,0.3422,4,14.103,91,320.8434,6.6,8.2,51,25,49
G,3,3,3,1216.4,1.2164,48.93,2006.4,,48.93,2526.4,2,0,0,1.7629,8.3049,41.1421,44.66,13.692,0.3883,0.9366,24.0165,25.7442,10.4363,0.296,1.1084,22.6274,20.6371,0.1193,1.1658,41.1015,4.2062,9.7716,2,0.3422,4,14.103,91,320.8434,6.6,8.2,51,25,49
G,4,3,3,2973.2,2.9732,97.1,2328.8,,97.1,3369.2,2,1,0,1.7629,8.3049,41.1421,44.66,13.692,0.3883,0.9366,24.0165,25.7442,10.4363,0.296,1.1084,22.6274,20.6371,0.1193,1.1658,41.1015,4.2062,9.7716,2,0.3422,4,14.103,91,320.8434,6.6,8.2,51,25,49
G,1,4,2,2459.2,2.4592,93.60635526,1642.4,52.72806798,40.87828728,2044.8,2,1,0,1.7629,8.3049,41.1421,44.66,13.692,0.3883,0.9366,24.0165,25.7442,10.4363,0.296,1.1084,22.6274,20.6371,0.1193,1.1658,41.1015,4.2062,9.7716,2,0.3422,4,14.103,91,320.8434,6.6,8.2,51,25,49
G,2,4,2,3531.6,3.5316,117.3247632,1445.6,60.21027276,57.11449042,2688.4,2,2,0,1.7629,8.3049,41.1421,44.66,13.692,0.3883,0.9366,24.0165,25.7442,10.4363,0.296,1.1084,22.6274,20.6371,0.1193,1.1658,41.1015,4.2062,9.7716,2,0.3422,4,14.103,91,320.8434,6.6,8.2,51,25,49
G,3,4,2,3460.4,3.4604,122.8296202,2309.6,62.2153245,60.61429568,2526.4,3,2,0,1.7629,8.3049,41.1421,44.66,13.692,0.3883,0.9366,24.0165,25.7442,10.4363,0.296,1.1084,22.6274,20.6371,0.1193,1.1658,41.1015,4.2062,9.7716,2,0.3422,4,14.103,91,320.8434,6.6,8.2,51,25,49
G,4,4,2,3141.2,3.1412,113.9892141,2870.8,52.08815417,61.90105993,3369.2,3,3,0,1.7629,8.3049,41.1421,44.66,13.692,0.3883,0.9366,24.0165,25.7442,10.4363,0.296,1.1084,22.6274,20.6371,0.1193,1.1658,41.1015,4.2062,9.7716,2,0.3422,4,14.103,91,320.8434,6.6,8.2,51,25,49
G,1,5,2,4001.2,4.0012,110.1174032,1757.2,51.13014307,58.98726013,2044.8,3,2,0,1.7629,8.3049,41.1421,44.66,13.692,0.3883,0.9366,24.0165,25.7442,10.4363,0.296,1.1084,22.6274,20.6371,0.1193,1.1658,41.1015,4.2062,9.7716,2,0.3422,4,14.103,91,320.8434,6.6,8.2,51,25,49
G,2,5,2,5124.4,5.1244,161.3834615,2384.4,63.74497911,97.6384824,2688.4,3,2,0,1.7629,8.3049,41.1421,44.66,13.692,0.3883,0.9366,24.0165,25.7442,10.4363,0.296,1.1084,22.6274,20.6371,0.1193,1.1658,41.1015,4.2062,9.7716,2,0.3422,4,14.103,91,320.8434,6.6,8.2,51,25,49
G,3,5,2,5042.8,5.0428,143.9643444,2480.8,68.56376464,75.40057979,2526.4,3,2,0,1.7629,8.3049,41.1421,44.66,13.692,0.3883,0.9366,24.0165,25.7442,10.4363,0.296,1.1084,22.6274,20.6371,0.1193,1.1658,41.1015,4.2062,9.7716,2,0.3422,4,14.103,91,320.8434,6.6,8.2,51,25,49
G,4,5,2,7350.4,7.3504,220.4472526,2924.4,115.7373757,104.7098769,3369.2,3,3,1,1.7629,8.3049,41.1421,44.66,13.692,0.3883,0.9366,24.0165,25.7442,10.4363,0.296,1.1084,22.6274,20.6371,0.1193,1.1658,41.1015,4.2062,9.7716,2,0.3422,4,14.103,91,320.8434,6.6,8.2,51,25,49
G,1,7,2,3317.6,3.3176,105.2296901,1703.2,13.89923026,91.33045988,2044.8,2,1,0,1.7629,8.3049,41.1421,44.66,13.692,0.3883,0.9366,24.0165,25.7442,10.4363,0.296,1.1084,22.6274,20.6371,0.1193,1.1658,41.1015,4.2062,9.7716,2,0.3422,4,14.103,91,320.8434,6.6,8.2,51,25,49
G,2,7,2,3303.2,3.3032,77.62734644,436.4,13.31877374,64.3085727,2688.4,1,1,0,1.7629,8.3049,41.1421,44.66,13.692,0.3883,0.9366,24.0165,25.7442,10.4363,0.296,1.1084,22.6274,20.6371,0.1193,1.1658,41.1015,4.2062,9.7716,2,0.3422,4,14.103,91,320.8434,6.6,8.2,51,25,49
G,3,7,2,2625.6,2.6256,67.50714196,2450.8,7.635802562,59.8713394,2526.4,2,1,0,1.7629,8.3049,41.1421,44.66,13.692,0.3883,0.9366,24.0165,25.7442,10.4363,0.296,1.1084,22.6274,20.6371,0.1193,1.1658,41.1015,4.2062,9.7716,2,0.3422,4,14.103,91,320.8434,6.6,8.2,51,25,49
G,4,7,2,5649.2,5.6492,124.7745286,2526.8,21.70941938,103.0651092,3369.2,3,1,0,1.7629,8.3049,41.1421,44.66,13.692,0.3883,0.9366,24.0165,25.7442,10.4363,0.296,1.1084,22.6274,20.6371,0.1193,1.1658,41.1015,4.2062,9.7716,2,0.3422,4,14.103,91,320.8434,6.6,8.2,51,25,49
G,1,8,1,2439.2,2.4392,105.2445603,1723.2,76.55973696,28.68482337,2044.8,3,1,0,1.7629,8.3049,41.1421,44.66,13.692,0.3883,0.9366,24.0165,25.7442,10.4363,0.296,1.1084,22.6274,20.6371,0.1193,1.1658,41.1015,4.2062,9.7716,2,0.3422,4,14.103,91,320.8434,6.6,8.2,51,25,49
G,2,8,1,1505.2,1.5052,61.75923979,1848.8,27.62450986,34.13472993,2688.4,3,0,0,1.7629,8.3049,41.1421,44.66,13.692,0.3883,0.9366,24.0165,25.7442,10.4363,0.296,1.1084,22.6274,20.6371,0.1193,1.1658,41.1015,4.2062,9.7716,2,0.3422,4,14.103,91,320.8434,6.6,8.2,51,25,49
G,3,8,1,1618.4,1.6184,67.26694389,2490.8,37.69356844,29.57337545,2526.4,3,0,0,1.7629,8.3049,41.1421,44.66,13.692,0.3883,0.9366,24.0165,25.7442,10.4363,0.296,1.1084,22.6274,20.6371,0.1193,1.1658,41.1015,4.2062,9.7716,2,0.3422,4,14.103,91,320.8434,6.6,8.2,51,25,49
G,4,8,1,2667.2,2.6672,105.9803587,2650.4,86.09297657,19.88738217,3369.2,3,1,0,1.7629,8.3049,41.1421,44.66,13.692,0.3883,0.9366,24.0165,25.7442,10.4363,0.296,1.1084,22.6274,20.6371,0.1193,1.1658,41.1015,4.2062,9.7716,2,0.3422,4,14.103,91,320.8434,6.6,8.2,51,25,49
G,1,9,1,3444.8,3.4448,74.23718976,1403.6,,74.23718976,2044.8,1,1,0,1.7629,8.3049,41.1421,44.66,13.692,0.3883,0.9366,24.0165,25.7442,10.4363,0.296,1.1084,22.6274,20.6371,0.1193,1.1658,41.1015,4.2062,9.7716,2,0.3422,4,14.103,91,320.8434,6.6,8.2,51,25,49
G,2,9,1,4450.4,4.4504,77.93804654,2408.8,,77.93804654,2688.4,2,1,0,1.7629,8.3049,41.1421,44.66,13.692,0.3883,0.9366,24.0165,25.7442,10.4363,0.296,1.1084,22.6274,20.6371,0.1193,1.1658,41.1015,4.2062,9.7716,2,0.3422,4,14.103,91,320.8434,6.6,8.2,51,25,49
G,3,9,1,3438,3.438,62.08967831,1848.4,,62.08967831,2526.4,2,1,0,1.7629,8.3049,41.1421,44.66,13.692,0.3883,0.9366,24.0165,25.7442,10.4363,0.296,1.1084,22.6274,20.6371,0.1193,1.1658,41.1015,4.2062,9.7716,2,0.3422,4,14.103,91,320.8434,6.6,8.2,51,25,49
G,4,9,1,5130,5.13,121.632966,3264.8,,121.632966,3369.2,2,2,1,1.7629,8.3049,41.1421,44.66,13.692,0.3883,0.9366,24.0165,25.7442,10.4363,0.296,1.1084,22.6274,20.6371,0.1193,1.1658,41.1015,4.2062,9.7716,2,0.3422,4,14.103,91,320.8434,6.6,8.2,51,25,49
G,1,10,1,1628.4,1.6284,38.36587381,-800.8,,38.36587381,2044.8,1,0,0,1.7629,8.3049,41.1421,44.66,13.692,0.3883,0.9366,24.0165,25.7442,10.4363,0.296,1.1084,22.6274,20.6371,0.1193,1.1658,41.1015,4.2062,9.7716,2,0.3422,4,14.103,91,320.8434,6.6,8.2,51,25,49
G,2,10,1,1899.2,1.8992,50.025762,2173.2,,50.025762,2688.4,2,1,0,1.7629,8.3049,41.1421,44.66,13.692,0.3883,0.9366,24.0165,25.7442,10.4363,0.296,1.1084,22.6274,20.6371,0.1193,1.1658,41.1015,4.2062,9.7716,2,0.3422,4,14.103,91,320.8434,6.6,8.2,51,25,49
G,3,10,1,1111.2,1.1112,21.7716672,1136.8,,21.7716672,2526.4,1,0,0,1.7629,8.3049,41.1421,44.66,13.692,0.3883,0.9366,24.0165,25.7442,10.4363,0.296,1.1084,22.6274,20.6371,0.1193,1.1658,41.1015,4.2062,9.7716,2,0.3422,4,14.103,91,320.8434,6.6,8.2,51,25,49
G,4,10,1,1137.6,1.1376,38.30775633,2366.4,,38.30775633,3369.2,2,0,0,1.7629,8.3049,41.1421,44.66,13.692,0.3883,0.9366,24.0165,25.7442,10.4363,0.296,1.1084,22.6274,20.6371,0.1193,1.1658,41.1015,4.2062,9.7716,2,0.3422,4,14.103,91,320.8434,6.6,8.2,51,25,49
G,1,12,1,2044.8,2.0448,37.4750682,0,,37.4750682,,1,0,0,1.7629,8.3049,41.1421,44.66,13.692,0.3883,0.9366,24.0165,25.7442,10.4363,0.296,1.1084,22.6274,20.6371,0.1193,1.1658,41.1015,4.2062,9.7716,2,0.3422,4,14.103,91,320.8434,6.6,8.2,51,25,49
G,2,12,1,2688.4,2.6884,76.3743808,0,,76.3743808,,1,1,0,1.7629,8.3049,41.1421,44.66,13.692,0.3883,0.9366,24.0165,25.7442,10.4363,0.296,1.1084,22.6274,20.6371,0.1193,1.1658,41.1015,4.2062,9.7716,2,0.3422,4,14.103,91,320.8434,6.6,8.2,51,25,49
G,3,12,1,2526.4,2.5264,44.0326952,0,,44.0326952,,1,0,0,1.7629,8.3049,41.1421,44.66,13.692,0.3883,0.9366,24.0165,25.7442,10.4363,0.296,1.1084,22.6274,20.6371,0.1193,1.1658,41.1015,4.2062,9.7716,2,0.3422,4,14.103,91,320.8434,6.6,8.2,51,25,49
G,4,12,1,3369.2,3.3692,75.6817648,0,,75.6817648,,1,1,0,1.7629,8.3049,41.1421,44.66,13.692,0.3883,0.9366,24.0165,25.7442,10.4363,0.296,1.1084,22.6274,20.6371,0.1193,1.1658,41.1015,4.2062,9.7716,2,0.3422,4,14.103,91,320.8434,6.6,8.2,51,25,49
H,1,1,,5338.8,5.3388,161.3041731,4992.8,104.2459557,57.05821739,5435.6,3,3,2,1.64,3.4202,26.137,27.36,8.59,0.2619,1.1686,26.8462,23.046,11.1245,0.3392,1.1419,19.3813,17.0204,0.1115,0.953,31.258,3.6586,8.5437,1.2,0.5009,88,288.647,134,439.5307,6.9,5.1,71,13,29
H,2,1,,7522.8,7.5228,202.8659752,3086.8,102.539257,100.3267182,3260.8,3,3,1,1.64,3.4202,26.137,27.36,8.59,0.2619,1.1686,26.8462,23.046,11.1245,0.3392,1.1419,19.3813,17.0204,0.1115,0.953,31.258,3.6586,8.5437,1.2,0.5009,88,288.647,134,439.5307,6.9,5.1,71,13,29
H,3,1,,4716.8,4.7168,120.9429572,1327.2,89.7148124,31.2281448,1415.6,2,1,1,1.64,3.4202,26.137,27.36,8.59,0.2619,1.1686,26.8462,23.046,11.1245,0.3392,1.1419,19.3813,17.0204,0.1115,0.953,31.258,3.6586,8.5437,1.2,0.5009,88,288.647,134,439.5307,6.9,5.1,71,13,29
H,4,1,,7553.6,7.5536,183.4755664,3638,105.3205898,78.15497659,3730,3,3,1,1.64,3.4202,26.137,27.36,8.59,0.2619,1.1686,26.8462,23.046,11.1245,0.3392,1.1419,19.3813,17.0204,0.1115,0.953,31.258,3.6586,8.5437,1.2,0.5009,88,288.647,134,439.5307,6.9,5.1,71,13,29
H,1,2,,7023.6,7.0236,212.0374561,3597.6,175.8917582,36.1456979,5435.6,3,2,1,1.64,3.4202,26.137,27.36,8.59,0.2619,1.1686,26.8462,23.046,11.1245,0.3392,1.1419,19.3813,17.0204,0.1115,0.953,31.258,3.6586,8.5437,1.2,0.5009,88,288.647,134,439.5307,6.9,5.1,71,13,29
H,2,2,,5626.8,5.6268,204.0667074,2207.6,135.7370003,68.3297071,3260.8,3,2,1,1.64,3.4202,26.137,27.36,8.59,0.2619,1.1686,26.8462,23.046,11.1245,0.3392,1.1419,19.3813,17.0204,0.1115,0.953,31.258,3.6586,8.5437,1.2,0.5009,88,288.647,134,439.5307,6.9,5.1,71,13,29
H,3,2,,9700.8,9.7008,328.980426,1211.2,268.0249014,60.9555246,1415.6,2,2,1,1.64,3.4202,26.137,27.36,8.59,0.2619,1.1686,26.8462,23.046,11.1245,0.3392,1.1419,19.3813,17.0204,0.1115,0.953,31.258,3.6586,8.5437,1.2,0.5009,88,288.647,134,439.5307,6.9,5.1,71,13,29
H,4,2,,4483.2,4.4832,152.4576082,2541.2,111.1182163,41.3393919,3730,3,1,1,1.64,3.4202,26.137,27.36,8.59,0.2619,1.1686,26.8462,23.046,11.1245,0.3392,1.1419,19.3813,17.0204,0.1115,0.953,31.258,3.6586,8.5437,1.2,0.5009,88,288.647,134,439.5307,6.9,5.1,71,13,29
H,1,3,,708.8,0.7088,29.73,3088.8,,29.73,5435.6,2,1,0,1.64,3.4202,26.137,27.36,8.59,0.2619,1.1686,26.8462,23.046,11.1245,0.3392,1.1419,19.3813,17.0204,0.1115,0.953,31.258,3.6586,8.5437,1.2,0.5009,88,288.647,134,439.5307,6.9,5.1,71,13,29
H,2,3,,1900,1.9,44.7054688,1824,,44.7054688,3260.8,2,0,0,1.64,3.4202,26.137,27.36,8.59,0.2619,1.1686,26.8462,23.046,11.1245,0.3392,1.1419,19.3813,17.0204,0.1115,0.953,31.258,3.6586,8.5437,1.2,0.5009,88,288.647,134,439.5307,6.9,5.1,71,13,29
H,3,3,,260.4,0.2604,10.62,446,,10.62,1415.6,0,0,0,1.64,3.4202,26.137,27.36,8.59,0.2619,1.1686,26.8462,23.046,11.1245,0.3392,1.1419,19.3813,17.0204,0.1115,0.953,31.258,3.6586,8.5437,1.2,0.5009,88,288.647,134,439.5307,6.9,5.1,71,13,29
H,4,3,,2022,2.022,51.300766,2766,,51.300766,3730,2,1,0,1.64,3.4202,26.137,27.36,8.59,0.2619,1.1686,26.8462,23.046,11.1245,0.3392,1.1419,19.3813,17.0204,0.1115,0.953,31.258,3.6586,8.5437,1.2,0.5009,88,288.647,134,439.5307,6.9,5.1,71,13,29
H,1,4,,3954,3.954,76.89333247,4039.6,39.81485689,37.07847558,5435.6,3,2,0,1.64,3.4202,26.137,27.36,8.59,0.2619,1.1686,26.8462,23.046,11.1245,0.3392,1.1419,19.3813,17.0204,0.1115,0.953,31.258,3.6586,8.5437,1.2,0.5009,88,288.647,134,439.5307,6.9,5.1,71,13,29
H,2,4,,5646.4,5.6464,138.4529253,2685.2,70.65867238,67.79425287,3260.8,3,2,0,1.64,3.4202,26.137,27.36,8.59,0.2619,1.1686,26.8462,23.046,11.1245,0.3392,1.1419,19.3813,17.0204,0.1115,0.953,31.258,3.6586,8.5437,1.2,0.5009,88,288.647,134,439.5307,6.9,5.1,71,13,29
H,3,4,,4644.8,4.6448,112.1106788,824.4,61.39166333,50.71901551,1415.6,2,2,0,1.64,3.4202,26.137,27.36,8.59,0.2619,1.1686,26.8462,23.046,11.1245,0.3392,1.1419,19.3813,17.0204,0.1115,0.953,31.258,3.6586,8.5437,1.2,0.5009,88,288.647,134,439.5307,6.9,5.1,71,13,29
H,4,4,,6328.8,6.3288,132.8054674,3397.6,61.26701716,71.53845027,3730,3,3,0,1.64,3.4202,26.137,27.36,8.59,0.2619,1.1686,26.8462,23.046,11.1245,0.3392,1.1419,19.3813,17.0204,0.1115,0.953,31.258,3.6586,8.5437,1.2,0.5009,88,288.647,134,439.5307,6.9,5.1,71,13,29
H,1,5,,6289.6,6.2896,177.9025659,5344.4,122.2800207,55.6225452,5435.6,3,3,2,1.64,3.4202,26.137,27.36,8.59,0.2619,1.1686,26.8462,23.046,11.1245,0.3392,1.1419,19.3813,17.0204,0.1115,0.953,31.258,3.6586,8.5437,1.2,0.5009,88,288.647,134,439.5307,6.9,5.1,71,13,29
H,2,5,,7192,7.192,191.8400757,2774.4,99.7699896,92.0700861,3260.8,3,2,1,1.64,3.4202,26.137,27.36,8.59,0.2619,1.1686,26.8462,23.046,11.1245,0.3392,1.1419,19.3813,17.0204,0.1115,0.953,31.258,3.6586,8.5437,1.2,0.5009,88,288.647,134,439.5307,6.9,5.1,71,13,29
H,3,5,,4382.4,4.3824,114.9519023,364,76.57249875,38.37940355,1415.6,2,1,0,1.64,3.4202,26.137,27.36,8.59,0.2619,1.1686,26.8462,23.046,11.1245,0.3392,1.1419,19.3813,17.0204,0.1115,0.953,31.258,3.6586,8.5437,1.2,0.5009,88,288.647,134,439.5307,6.9,5.1,71,13,29
H,4,5,,7070,7.07,193.6675087,3622.8,123.2576174,70.4098913,3730,3,3,1,1.64,3.4202,26.137,27.36,8.59,0.2619,1.1686,26.8462,23.046,11.1245,0.3392,1.1419,19.3813,17.0204,0.1115,0.953,31.258,3.6586,8.5437,1.2,0.5009,88,288.647,134,439.5307,6.9,5.1,71,13,29
H,1,7,,6587.2,6.5872,92.1072389,5157.2,,92.1072389,5435.6,2,2,1,1.64,3.4202,26.137,27.36,8.59,0.2619,1.1686,26.8462,23.046,11.1245,0.3392,1.1419,19.3813,17.0204,0.1115,0.953,31.258,3.6586,8.5437,1.2,0.5009,88,288.647,134,439.5307,6.9,5.1,71,13,29
H,2,7,,8049.2,8.0492,108.8528992,3060,,108.8528992,3260.8,2,2,0,1.64,3.4202,26.137,27.36,8.59,0.2619,1.1686,26.8462,23.046,11.1245,0.3392,1.1419,19.3813,17.0204,0.1115,0.953,31.258,3.6586,8.5437,1.2,0.5009,88,288.647,134,439.5307,6.9,5.1,71,13,29
H,3,7,,5558.4,5.5584,77.67660615,1187.2,,77.67660615,1415.6,1,1,0,1.64,3.4202,26.137,27.36,8.59,0.2619,1.1686,26.8462,23.046,11.1245,0.3392,1.1419,19.3813,17.0204,0.1115,0.953,31.258,3.6586,8.5437,1.2,0.5009,88,288.647,134,439.5307,6.9,5.1,71,13,29
H,4,7,,8440.8,8.4408,121.1151701,3572.4,,121.1151701,3730,2,2,1,1.64,3.4202,26.137,27.36,8.59,0.2619,1.1686,26.8462,23.046,11.1245,0.3392,1.1419,19.3813,17.0204,0.1115,0.953,31.258,3.6586,8.5437,1.2,0.5009,88,288.647,134,439.5307,6.9,5.1,71,13,29
H,1,8,,5284.8,5.2848,157.9701855,4862.8,121.5066696,36.4635159,5435.6,3,2,2,1.64,3.4202,26.137,27.36,8.59,0.2619,1.1686,26.8462,23.046,11.1245,0.3392,1.1419,19.3813,17.0204,0.1115,0.953,31.258,3.6586,8.5437,1.2,0.5009,88,288.647,134,439.5307,6.9,5.1,71,13,29
H,2,8,,4864,4.864,160.1189635,1299.6,119.7978027,40.3211608,3260.8,2,1,1,1.64,3.4202,26.137,27.36,8.59,0.2619,1.1686,26.8462,23.046,11.1245,0.3392,1.1419,19.3813,17.0204,0.1115,0.953,31.258,3.6586,8.5437,1.2,0.5009,88,288.647,134,439.5307,6.9,5.1,71,13,29
H,3,8,,6495.6,6.4956,233.0970499,622.8,165.616632,67.4804179,1415.6,2,2,1,1.64,3.4202,26.137,27.36,8.59,0.2619,1.1686,26.8462,23.046,11.1245,0.3392,1.1419,19.3813,17.0204,0.1115,0.953,31.258,3.6586,8.5437,1.2,0.5009,88,288.647,134,439.5307,6.9,5.1,71,13,29
H,4,8,,5494.4,5.4944,207.14839,2824.8,142.6451504,64.5032396,3730,3,2,1,1.64,3.4202,26.137,27.36,8.59,0.2619,1.1686,26.8462,23.046,11.1245,0.3392,1.1419,19.3813,17.0204,0.1115,0.953,31.258,3.6586,8.5437,1.2,0.5009,88,288.647,134,439.5307,6.9,5.1,71,13,29
H,1,9,,6894.8,6.8948,102.3276516,5404.8,,102.3276516,5435.6,2,2,1,1.64,3.4202,26.137,27.36,8.59,0.2619,1.1686,26.8462,23.046,11.1245,0.3392,1.1419,19.3813,17.0204,0.1115,0.953,31.258,3.6586,8.5437,1.2,0.5009,88,288.647,134,439.5307,6.9,5.1,71,13,29
H,2,9,,7842.4,7.8424,120.9423085,3218.4,,120.9423085,3260.8,2,2,1,1.64,3.4202,26.137,27.36,8.59,0.2619,1.1686,26.8462,23.046,11.1245,0.3392,1.1419,19.3813,17.0204,0.1115,0.953,31.258,3.6586,8.5437,1.2,0.5009,88,288.647,134,439.5307,6.9,5.1,71,13,29
H,3,9,,5181.2,5.1812,71.65107875,1248,,71.65107875,1415.6,1,1,0,1.64,3.4202,26.137,27.36,8.59,0.2619,1.1686,26.8462,23.046,11.1245,0.3392,1.1419,19.3813,17.0204,0.1115,0.953,31.258,3.6586,8.5437,1.2,0.5009,88,288.647,134,439.5307,6.9,5.1,71,13,29
H,4,9,,5532.8,5.5328,82.63777617,3678.4,,82.63777617,3730,2,2,0,1.64,3.4202,26.137,27.36,8.59,0.2619,1.1686,26.8462,23.046,11.1245,0.3392,1.1419,19.3813,17.0204,0.1115,0.953,31.258,3.6586,8.5437,1.2,0.5009,88,288.647,134,439.5307,6.9,5.1,71,13,29
H,1,10,,1371.6,1.3716,23.629744,4227.6,,23.629744,5435.6,2,1,0,1.64,3.4202,26.137,27.36,8.59,0.2619,1.1686,26.8462,23.046,11.1245,0.3392,1.1419,19.3813,17.0204,0.1115,0.953,31.258,3.6586,8.5437,1.2,0.5009,88,288.647,134,439.5307,6.9,5.1,71,13,29
H,2,10,,4862,4.862,74.6982064,3045.2,,74.6982064,3260.8,2,2,0,1.64,3.4202,26.137,27.36,8.59,0.2619,1.1686,26.8462,23.046,11.1245,0.3392,1.1419,19.3813,17.0204,0.1115,0.953,31.258,3.6586,8.5437,1.2,0.5009,88,288.647,134,439.5307,6.9,5.1,71,13,29
H,3,10,,542.8,0.5428,13.538664,1080.4,,13.538664,1415.6,0,0,0,1.64,3.4202,26.137,27.36,8.59,0.2619,1.1686,26.8462,23.046,11.1245,0.3392,1.1419,19.3813,17.0204,0.1115,0.953,31.258,3.6586,8.5437,1.2,0.5009,88,288.647,134,439.5307,6.9,5.1,71,13,29
H,4,10,,4074,4.074,59.5660286,3690.8,,59.5660286,3730,2,2,0,1.64,3.4202,26.137,27.36,8.59,0.2619,1.1686,26.8462,23.046,11.1245,0.3392,1.1419,19.3813,17.0204,0.1115,0.953,31.258,3.6586,8.5437,1.2,0.5009,88,288.647,134,439.5307,6.9,5.1,71,13,29
H,1,12,1,5435.6,5.4356,67.1494256,0,,67.1494256,,1,1,0,1.64,3.4202,26.137,27.36,8.59,0.2619,1.1686,26.8462,23.046,11.1245,0.3392,1.1419,19.3813,17.0204,0.1115,0.953,31.258,3.6586,8.5437,1.2,0.5009,88,288.647,134,439.5307,6.9,5.1,71,13,29
H,2,12,1,3260.8,3.2608,51.4969772,0,,51.4969772,,1,1,0,1.64,3.4202,26.137,27.36,8.59,0.2619,1.1686,26.8462,23.046,11.1245,0.3392,1.1419,19.3813,17.0204,0.1115,0.953,31.258,3.6586,8.5437,1.2,0.5009,88,288.647,134,439.5307,6.9,5.1,71,13,29
H,3,12,1,1415.6,1.4156,24.1713824,0,,24.1713824,,1,0,0,1.64,3.4202,26.137,27.36,8.59,0.2619,1.1686,26.8462,23.046,11.1245,0.3392,1.1419,19.3813,17.0204,0.1115,0.953,31.258,3.6586,8.5437,1.2,0.5009,88,288.647,134,439.5307,6.9,5.1,71,13,29
H,4,12,1,3730,3.73,52.103569,0,,52.103569,,1,1,0,1.64,3.4202,26.137,27.36,8.59,0.2619,1.1686,26.8462,23.046,11.1245,0.3392,1.1419,19.3813,17.0204,0.1115,0.953,31.258,3.6586,8.5437,1.2,0.5009,88,288.647,134,439.5307,6.9,5.1,71,13,29
