Experiment,Year,Season,Plot,Ring,CO2 Treatment,Nitrogen Treatment,CountOfSpecies,CountOfGroup,Experiment,water,cmic,br,qo2,arcsinwater,logcmic,logbr,logqo2,COLLEMBOLA,ORIBATIDA,GAMASIDA,ASTIG&PROST,THYSANOPERA,SpeciesRichnessMESO,shannonMESO,simpsonMESO,COLLEMBOLAm2,ORIBATIDAm2,MESOdetritivoresM2,GAMASIDAm2,ASTIGPROSTm2,THYSANOPERAm2,logCOLLEMBOLAm2,logORIBATIDAm2,logMESOdetritivoresM2,logGAMASIDAm2,logASTIGPROSTm2,logTHYSANOPERAm2,TotalNemaDens,TotalNemaRich,NemaShannon,NemaSimpson,Logtotnemdes,logtotnemrich,plant,bacterial,fungal,pred,omni,logplant,logbacterial,logfungal,logpred,logomni
e141,2010,August,1,1,Cenrich,Namb,4,2,M,6.868686869,255.4215474,1.582381297,6.195175439,0.068740993,2.407257532,0.199311141,0.792053609,6,9,1,6,0,6,1.512378657,0.776666667,3072,4608,7680,512,3072,0,3.48756256,3.663606708,3.885417765,2.710117365,3.48756256,0,118,8,1.470078382,0.70592496,2.075546961,0.954242509,5,54,5,18,36,0.77815125,1.740362689,0.77815125,1.278753601,1.568201724
e141,2010,August,2,1,Cenrich,Namb,1,1,M,11.17845118,295.6948747,1.225903479,4.145839459,0.112018636,2.470843797,0.088456278,0.617612481,4,17,3,18,0,4,1.141661694,0.653890825,2048,8704,10752,1536,9216,0,3.311541958,3.939768775,4.031529646,3.186673867,3.964589587,0,32,5,1.307259543,0.711693548,1.51851394,0.77815125,0,14,1,5,12,0,1.176091259,0.301029996,0.77815125,1.113943352
e141,2010,August,3,1,Cenrich,Nenrich,4,1,S,,,,,,,,,,,,,,,,,,,,,,,,,,,,,,,,,,,,,,,,,,,,
e141,2010,August,4,1,Cenrich,Namb,4,3,M,9.381327334,261.591601,1.019527559,3.897401732,0.093951429,2.417623796,0.00839897,0.590775174,0,11,2,4,3,7,1.670162388,0.787692308,0,5632,5632,1024,2048,1536,0,3.750739751,3.750739751,3.010723865,3.311541958,3.186673867,52,6,1.044634581,0.518853695,1.72427587,0.84509804,1,35,2,5,9,0.301029996,1.556302501,0.477121255,0.77815125,1
e141,2010,August,5,1,Cenrich,Namb,1,1,M,6.456488879,173.2168718,1.003670913,5.794302269,0.064609831,2.238590191,0.001591338,0.763001147,1,9,0,10,1,6,1.274586732,0.679841897,512,4608,5120,0,5120,512,2.710117365,3.663606708,3.709354776,0,3.709354776,2.710117365,33,4,0.849124325,0.454545455,1.531478917,0.698970004,0,24,0,5,4,0,1.397940009,0,0.77815125,0.698970004
e141,2010,August,6,1,Cenrich,Namb,4,1,S,,,,,,,,,,,,,,,,,,,,,,,,,,,,,,,,,,,,,,,,,,,,
e141,2010,August,8,1,Cenrich,Nenrich,1,1,M,8.188696039,224.3499481,1.292834891,5.762581637,0.081978753,2.350925973,0.111543064,0.760617091,21,21,14,17,3,6,1.590042212,0.788055826,10752,10752,21504,7168,8704,1536,4.031529646,4.031529646,4.332539447,3.85545858,3.939768775,3.186673867,40,6,1.225412828,0.629487179,1.612783857,0.84509804,1,22,2,2,11,0.301029996,1.361727836,0.477121255,0.477121255,1.079181246
e141,2010,August,9,1,Cenrich,Namb,4,1,S,,,,,,,,,,,,,,,,,,,,,,,,,,,,,,,,,,,,,,,,,,,,
e141,2010,August,10,1,Cenrich,Nenrich,4,3,M,8.757316524,288.276452,1.634961729,5.671506352,0.087685487,2.459809168,0.213507591,0.753698423,4,4,0,2,0,4,1.263654432,0.763636364,2048,2048,4096,0,1024,0,3.311541958,3.311541958,3.612465964,0,3.010723865,0,43,6,1.086925473,0.527131783,1.643452676,0.84509804,3,29,1,3,6,0.602059991,1.477121255,0.301029996,0.602059991,0.84509804
e141,2010,August,11,1,Cenrich,Nenrich,9,4,M,8.506827849,383.8649355,1.001499888,2.608990287,0.085171215,2.584178443,0.000650905,0.416472462,5,11,1,43,5,5,1.032805238,0.529807692,2560,5632,8192,512,22016,2560,3.408409578,3.750739751,3.913442955,2.710117365,4.342758142,3.408409578,85,10,,,1.934498451,1.041392685,9.153846154,66.69230769,6.538461538,0,2.615384615,1.006630579,1.83053932,0.877282723,0,0.558154506
e141,2010,August,12,1,Cenrich,Nenrich,9,4,M,11.49635036,483.459854,0.556614964,1.151315789,0.11521826,2.684360417,-0.254445123,0.061194461,12,11,1,4,0,7,1.4423451,0.72688172,6144,5632,11776,512,2048,0,3.788521887,3.750739751,4.071034675,2.710117365,3.311541958,0,20,2,0.610864302,0.442105263,1.322219295,0.477121255,0,6,0,0,14,0,0.84509804,0,0,1.176091259
e141,2010,August,14,1,Cenrich,Namb,4,4,S,,,,,,,,,,,,,,,,,,,,,,,,,,,,,,,,,,,,,,,,,,,,
e141,2010,August,15,1,Cenrich,Namb,4,3,M,8.362753751,306.9095322,1.140975287,3.717627402,0.083725321,2.487010377,0.057276238,0.570265861,1,4,0,6,3,4,1.239659392,0.736263736,512,2048,2560,0,3072,1536,2.710117365,3.311541958,3.408409578,0,3.48756256,3.186673867,141,6,1.114340928,0.618743668,2.152288344,0.84509804,0,71,3,51,16,0,1.857332496,0.602059991,1.716003344,1.230448921
e141,2010,August,16,1,Cenrich,Namb,9,4,M,11.10120374,426.5329172,1.282189033,3.006072874,0.111241324,2.629952553,0.107952058,0.477999505,7,12,1,31,2,6,1.231579678,0.626936027,3584,6144,9728,512,15872,1024,3.55448916,3.788521887,3.988068203,2.710117365,4.200659016,3.010723865,88,8,1.594795641,0.764367816,1.949390007,0.954242509,9,30,3,22,22,1,1.491361694,0.602059991,1.361727836,1.361727836
e141,2010,August,18,1,Cenrich,Nenrich,1,1,M,9.511286434,140.3160202,1.680736358,11.97822142,0.095256857,2.147107258,0.225499595,1.078392337,3,1,0,8,0,3,0.823959217,0.53030303,1536,512,2048,0,4096,0,3.186673867,2.710117365,3.311541958,0,3.612465964,0,51,6,1.109263134,0.608627451,1.716003344,0.84509804,0,20,2,3,26,0,1.322219295,0.477121255,0.602059991,1.431363764
e141,2010,August,19,1,Cenrich,Namb,4,3,M,11.29716455,491.2794523,2.101406564,4.277415948,0.113213338,2.6913286,0.322510084,0.631181484,1,10,0,9,0,3,0.855688667,0.573684211,512,5120,5632,0,4608,0,2.710117365,3.709354776,3.750739751,0,3.663606708,0,71,8,1.588556047,0.742052314,1.857332496,0.954242509,3,33,7,10,18,0.602059991,1.531478917,0.903089987,1.041392685,1.278753601
e141,2010,August,20,1,Cenrich,Nenrich,4,1,S,,,,,,,,,,,,,,,,,,,,,,,,,,,,,,,,,,,,,,,,,,,,
e141,2010,August,21,1,Cenrich,Nenrich,9,4,M,11.34767837,418.390185,1.289648924,3.082407213,0.113721746,2.621581488,0.1104715,0.488890012,8,14,1,36,1,5,1.051194283,0.576836158,4096,7168,11264,512,18432,512,3.612465964,3.85545858,4.051731196,2.710117365,4.265596023,2.710117365,120,11,,,2.08278537,1.079181246,8.4,69.6,22.8,0,19.2,0.973127854,1.848804701,1.376576957,0,1.305351369
e141,2010,August,22,1,Cenrich,Nenrich,1,1,M,8.585748529,237.3461175,1.228088908,5.174253201,0.08596332,2.375382132,0.089229809,0.713847677,3,15,0,10,0,3,0.941403053,0.595238095,1536,7680,9216,0,5120,0,3.186673867,3.885417765,3.964589587,0,3.709354776,0,24,5,1.283004129,0.673913043,1.397940009,0.77815125,0,4,3,4,13,0,0.698970004,0.602059991,0.698970004,1.146128036
e141,2010,August,24,1,Cenrich,Namb,1,1,M,4.63980464,106.7935695,0.826575615,7.73993808,0.04641471,2.028545103,-0.082717411,0.888737486,1,1,0,1,0,3,1.098612289,1,512,512,1024,0,512,0,2.710117365,2.710117365,3.010723865,0,2.710117365,0,60,6,1.224302692,0.601694915,1.785329835,0.84509804,0,38,3,6,11,0,1.591064607,0.602059991,0.84509804,1.079181246
e141,2010,August,26,1,Cenrich,Namb,9,4,M,9.191829485,743.4495263,1.831749556,2.463851938,0.092048225,2.871251489,0.262866095,0.391614606,14,33,1,65,0,4,0.978124768,0.573482933,7168,16896,24064,512,33280,0,3.85545858,4.227809604,4.381385866,2.710117365,4.522196367,0,166,14,,,2.222716471,1.176091259,1.66,79.68,43.16,4.98,36.52,0.424881637,1.90676589,1.645029065,0.776701184,1.57426283
e141,2010,August,27,1,Cenrich,Namb,4,1,S,,,,,,,,,,,,,,,,,,,,,,,,,,,,,,,,,,,,,,,,,,,,
e141,2010,August,28,1,Cenrich,Namb,4,2,M,5.722345356,229.6351072,1.503858849,6.548906513,0.05725473,2.361038285,0.177207076,0.816168791,5,9,3,12,0,5,1.369966468,0.735632184,2560,4608,7168,1536,6144,0,3.408409578,3.663606708,3.85545858,3.186673867,3.788521887,0,72,7,1.291090014,0.629107981,1.86332286,0.903089987,7,15,1,8,41,0.903089987,1.204119983,0.301029996,0.954242509,1.62324929
e141,2010,August,29,1,Cenrich,Nenrich,4,2,M,5.958392244,260.8011168,1.053741886,4.04040404,0.059619235,2.416309447,0.022734244,0.606424797,143,15,0,15,0,3,0.581451779,0.303468208,73216,7680,80896,0,7680,0,4.86461193,3.885417765,4.907932416,0,3.885417765,0,25,4,0.87414121,0.47,1.414973348,0.698970004,0,18,0,4,3,0,1.278753601,0,0.698970004,0.602059991
e141,2010,August,31,1,Cenrich,Nenrich,1,1,M,,,,,,,,,5,3,0,0,0,2,0.661563238,0.535714286,2560,1536,4096,0,0,0,3.408409578,3.186673867,3.612465964,0,0,0,17,3,0.443757284,0.227941176,1.255272505,0.602059991,0,15,1,0,1,0,1.204119983,0.301029996,0,0.301029996
e141,2010,August,32,1,Cenrich,Nenrich,1,1,M,6.907090465,209.3922813,1.215096909,5.802968961,0.069125943,2.320960669,0.084610916,0.763650248,7,15,12,32,0,6,1.416203962,0.713871636,3584,7680,11264,6144,16384,0,3.55448916,3.885417765,4.051731196,3.788521887,4.214446446,0,108,7,1.635141141,0.770854967,2.037426498,0.903089987,9,13,32,14,40,1,1.146128036,1.51851394,1.176091259,1.612783857
e141,2010,August,35,1,Cenrich,Namb,1,1,M,5.685755044,124.0337079,,,0.05688823,2.093539727,,,5,5,2,6,0,4,1.321970075,0.764705882,2560,2560,5120,1024,3072,0,3.408409578,3.408409578,3.709354776,3.010723865,3.48756256,0,,,,,,,,,,,,,,,,
e141,2010,August,36,1,Cenrich,Nenrich,1,1,M,5.506430868,145.5589111,1.043433054,7.168458781,0.055092173,2.163038798,0.01846459,0.855425792,6,4,4,3,0,4,1.354581075,0.779411765,3072,2048,5120,2048,1536,0,3.48756256,3.311541958,3.709354776,3.311541958,3.186673867,0,59,6,1.342481849,0.666861485,1.77815125,0.84509804,2,31,5,8,13,0.477121255,1.505149978,0.77815125,0.954242509,1.146128036
e141,2010,August,37,1,Cenrich,Nenrich,1,1,M,6.096321886,117.8512587,1.117603212,9.483167378,0.061001044,2.071334225,0.048287641,0.976953416,12,1,0,3,1,5,1.050665277,0.549019608,6144,512,6656,0,1536,512,3.788521887,2.710117365,3.823278557,0,3.186673867,2.710117365,33,6,1.483688275,0.751893939,1.531478917,0.84509804,0,11,5,5,12,0,1.079181246,0.77815125,0.77815125,1.113943352
e141,2010,August,38,1,Cenrich,Nenrich,4,2,M,4.8438751,249.2327864,1.059178236,4.249754822,0.048457713,2.396605173,0.024969048,0.628363875,4,8,0,5,1,6,1.484337307,0.768421053,2048,4096,6144,0,2560,512,3.311541958,3.612465964,3.788521887,0,3.408409578,2.710117365,63,7,1.643829287,0.778801843,1.806179974,0.903089987,0,16,9,14,23,0,1.230448921,1,1.176091259,1.380211242
e141,2010,August,39,1,Cenrich,Namb,1,1,M,4.696356275,214.1522232,1.398612291,6.530925855,0.046980844,2.330722587,0.145697341,0.814974753,,,,,,,,,,,,,,,,,,,,,59,8,1.444837499,0.691408533,1.77815125,0.954242509,4,29,3,2,17,0.698970004,1.477121255,0.602059991,0.477121255,1.255272505
e141,2010,August,40,1,Cenrich,Namb,1,1,M,3.526294333,236.3445313,1.145714487,4.847645429,0.035270256,2.373545558,0.059076405,0.685530847,2,68,5,12,0,6,0.925473154,0.436454849,1024,34816,35840,2560,6144,0,3.010723865,4.541791347,4.554380118,3.408409578,3.788521887,0,37,5,1.152171299,0.626126126,1.579783597,0.77815125,0,20,1,5,11,0,1.322219295,0.301029996,0.77815125,1.079181246
e141,2010,August,41,1,Cenrich,Nenrich,4,1,S,,,,,,,,,,,,,,,,,,,,,,,,,,,,,,,,,,,,,,,,,,,,
e141,2010,August,42,1,Cenrich,Namb,1,1,M,5.475040258,166.1178308,0.879803142,5.296259517,0.054777793,2.220416251,-0.055614491,0.723969257,2,4,3,6,0,4,1.309525835,0.761904762,1024,2048,3072,1536,3072,0,3.010723865,3.311541958,3.48756256,3.186673867,3.48756256,0,144,7,0.953029612,0.463869464,2.161368002,0.903089987,1,102,8,6,27,0.301029996,2.012837225,0.954242509,0.84509804,1.447158031
e141,2010,August,44,1,Cenrich,Nenrich,4,3,M,6.458752515,349.8413996,1.40247604,4.008891006,0.064632515,2.543871202,0.146895451,0.603024249,4,25,1,8,0,5,1.031443559,0.54925776,2048,12800,14848,512,4096,0,3.311541958,4.107243898,4.171697207,2.710117365,3.612465964,0,95,6,1.122845964,0.558342665,1.982271233,0.84509804,0,64,6,5,19,0,1.812913357,0.84509804,0.77815125,1.301029996
e141,2010,August,46,1,Cenrich,Namb,1,1,M,4.562043796,67.22994122,0.452588344,6.731946144,0.045636277,1.827562732,-0.344296635,0.828140633,3,7,1,2,0,4,1.156987644,0.679487179,1536,3584,5120,512,1024,0,3.186673867,3.55448916,3.709354776,2.710117365,3.010723865,0,7,2,0.598269589,0.476190476,0.903089987,0.477121255,0,2,0,0,5,0,0.477121255,0,0,0.77815125
e141,2010,August,47,1,Cenrich,Nenrich,1,1,M,3.544510084,155.4241464,0.763487035,4.912280702,0.035452527,2.191518491,-0.117198333,0.691283176,0,1,0,0,0,2,0.693147181,1,0,512,512,0,0,0,0,2.710117365,2.710117365,0,0,0,159,8,1.400023489,0.686489929,2.204119983,0.954242509,3,74,14,14,51,0.602059991,1.875061263,1.176091259,1.176091259,1.716003344
e141,2010,August,48,1,Cenrich,Namb,9,4,M,10.73049002,545.9396552,1.502586207,2.752293578,0.107511899,2.737144641,0.176839398,0.439694757,4,20,8,54,0,4,0.995039229,0.547195622,2048,10240,12288,4096,27648,0,3.311541958,4.010342366,4.089516544,3.612465964,4.441679429,0,183,16,,,2.264817823,1.230448921,32.94,67.71,25.62,12.81,43.92,1.530711838,1.837019949,1.425208051,1.140193679,1.652439748
e141,2010,August,49,1,Cenrich,Nenrich,1,1,M,6.399837464,303.5105998,1.551182982,5.110803324,0.064042143,2.482173863,0.190663032,0.708489169,0,7,0,6,3,6,1.488240836,0.771929825,0,3584,3584,0,3072,1536,0,3.55448916,3.55448916,0,3.48756256,3.186673867,157,7,1.040431877,0.501469868,2.198657087,0.903089987,2,107,29,11,8,0.477121255,2.033423755,1.477121255,1.079181246,0.954242509
e141,2010,August,53,1,Cenrich,Nenrich,1,1,M,8.231639672,411.4825826,1.661514188,4.037872459,0.082409644,2.614351457,0.220504054,0.606152597,10,32,1,36,0,6,1.14832469,0.638580247,5120,16384,21504,512,18432,0,3.709354776,4.214446446,4.332539447,2.710117365,4.265596023,0,25,4,1.049634821,0.626666667,1.414973348,0.698970004,0,10,1,2,12,0,1.041392685,0.301029996,0.477121255,1.113943352
e141,2010,August,54,1,Cenrich,Nenrich,4,1,S,,,,,,,,,30,4,0,2,0,3,0.556646904,0.298412698,15360,2048,17408,0,1024,0,4.186419489,3.311541958,4.240773825,0,3.010723865,0,,,,,,,,,,,,,,,,
e141,2010,August,55,1,Cenrich,Namb,1,1,M,7.908496732,365.5616558,1.42050351,3.885811019,0.079167639,2.562960636,0.152442311,0.589481675,,,,,,,,,,,,,,,,,,,,,109,5,0.955263028,0.5382263,2.041392685,0.77815125,0,36,0,68,5,0,1.568201724,0,1.838849091,0.77815125
e141,2010,August,56,1,Cenrich,Namb,4,1,S,,,,,,,,,,,,,,,,,,,,,,,,,,,,,,,,,,,,,,,,,,,,
e141,2010,August,57,1,Cenrich,Namb,1,1,M,7.029379761,221.0202394,1.447055979,6.547165014,0.070351816,2.344432045,0.160485332,0.816053287,6,15,2,23,2,7,1.499680654,0.724963716,3072,7680,10752,1024,11776,1024,3.48756256,3.885417765,4.031529646,3.010723865,4.071034675,3.010723865,62,9,1.896475314,0.836065574,1.799340549,1,1,21,8,16,4,0.301029996,1.342422681,0.954242509,1.230448921,0.698970004
e141,2010,August,58,1,Cenrich,Nenrich,4,3,M,10.92760181,890.7790347,2.32224736,2.606984752,0.109494677,2.949769987,0.365908478,0.416138491,4,8,0,0,1,6,1.446918983,0.742647059,2048,4096,6144,0,0,512,3.311541958,3.612465964,3.788521887,0,0,2.710117365,109,11,1.910695231,0.79425756,2.041392685,1.079181246,8,48,20,9,17,0.954242509,1.69019608,1.322219295,1,1.255272505
e141,2010,August,59,1,Cenrich,Nenrich,4,4,S,,,,,,,,,,,,,,,,,,,,,,,,,,,,,,,,,,,,,,,,,,,,
e141,2010,August,60,1,Cenrich,Nenrich,1,1,M,7.264770241,302.7471918,1.45497204,4.805897723,0.072711757,2.481080123,0.162854648,0.681774524,4,77,0,21,0,3,0.664647655,0.390021355,2048,39424,41472,0,10752,0,3.311541958,4.595771702,4.617765452,0,4.031529646,0,36,8,1.660971333,0.749206349,1.568201724,0.954242509,0,20,4,3,4,0,1.322219295,0.698970004,0.602059991,0.698970004
e141,2010,August,62,2,Camb,Namb,4,4,S,,,,,,,,,,,,,,,,,,,,,,,,,,,,,,,,,,,,,,,,,,,,
e141,2010,August,63,2,Camb,Namb,4,3,M,7.844429796,197.2838204,1.21990283,6.183491516,0.078524973,2.295091469,0.086325239,0.791233769,9,15,0,3,0,3,0.936888308,0.58974359,4608,7680,12288,0,1536,0,3.663606708,3.885417765,4.089516544,0,3.186673867,0,24,4,1.117732744,0.65942029,1.397940009,0.698970004,0,12,0,3,9,0,1.113943352,0,0.602059991,1
e141,2010,August,65,2,Camb,Nenrich,9,4,M,10.5368679,481.9879706,1.740080691,3.610216016,0.105564637,2.683036199,0.240569388,0.557533189,4,31,5,30,1,9,1.39036247,0.678245614,2048,15872,17920,2560,15360,512,3.311541958,4.200659016,4.25336224,3.408409578,4.186419489,2.710117365,94,6,1.480201087,0.743765729,1.977723605,0.84509804,0,28,4,26,36,0,1.462397998,0.698970004,1.431363764,1.568201724
e141,2010,August,68,2,Camb,Nenrich,1,1,M,8.075221239,227.9439528,1.271116028,5.576441103,0.080840234,2.357828075,0.104185195,0.74635712,,13,2,7,1,4,1.03323304,0.604743083,0,6656,6656,1024,3584,512,0,3.823278557,3.823278557,3.010723865,3.55448916,2.710117365,62,9,1.638313359,0.747752512,1.799340549,1,3,29,3,20,7,0.602059991,1.477121255,0.602059991,1.322219295,0.903089987
e141,2010,August,70,2,Camb,Namb,1,1,M,,81.00312763,0.838686395,10.35375324,,1.908501788,-0.076400402,1.01509781,10,20,1,36,0,6,1.16240827,0.631287298,5120,10240,15360,512,18432,0,3.709354776,4.010342366,4.186419489,2.710117365,4.265596023,0,125,7,1.423607707,0.720258065,2.100370545,0.903089987,6,49,0,48,22,0.84509804,1.698970004,0,1.69019608,1.361727836
e141,2010,August,71,2,Camb,Nenrich,1,1,M,6.824542519,161.6043057,1.40368377,8.685930513,0.068298511,2.208452928,0.147269278,0.938816351,4,6,4,9,0,6,1.696362808,0.823809524,2048,3072,5120,2048,4608,0,3.311541958,3.48756256,3.709354776,3.311541958,3.663606708,0,99,8,1.382195394,0.656977943,2,0.954242509,1,22,9,14,53,0.301029996,1.361727836,1,1.176091259,1.73239376
e141,2010,August,72,2,Camb,Nenrich,1,1,M,,,,,,,,,14,33,6,27,2,6,1.365153876,0.710255657,7168,16896,24064,3072,13824,1024,3.85545858,4.227809604,4.381385866,3.48756256,4.14066514,3.010723865,48,5,1.223596922,0.669326241,1.69019608,0.77815125,0,31,2,1,14,0,1.505149978,0.477121255,0.301029996,1.176091259
e141,2010,August,74,2,Camb,Nenrich,4,1,S,,,,,,,,,,,,,,,,,,,,,,,,,,,,,,,,,,,,,,,,,,,,
e141,2010,August,75,2,Camb,Nenrich,4,3,M,7.890676659,403.8955257,1.593613009,3.945606989,0.078988879,2.606269042,0.202382866,0.596113824,9,14,3,11,6,6,1.689868822,0.817176871,4608,7168,11776,1536,5632,3072,3.663606708,3.85545858,4.071034675,3.186673867,3.750739751,3.48756256,97,7,1.405808655,0.685352234,1.991226076,0.903089987,4,47,5,13,28,0.698970004,1.681241237,0.77815125,1.146128036,1.462397998
e141,2010,August,76,2,Camb,Nenrich,4,1,S,,,,,,,,,,,,,,,,,,,,,,,,,,,,,,,,,,,,,,,,,,,,
e141,2010,August,77,2,Camb,Namb,1,1,M,6.430107527,61.72344086,0.680262843,11.0211426,0.064345468,1.790450128,-0.16732325,1.042226622,2,1,1,0,0,3,1.039720771,0.833333333,1024,512,1536,512,0,0,3.010723865,2.710117365,3.186673867,2.710117365,0,0,3,2,0.636514168,0.666666667,0.602059991,0.477121255,0,2,1,0,,0,0.477121255,0.301029996,0,0
e141,2010,August,78,2,Camb,Namb,4,2,M,5.367835757,379.2984032,1.090652029,2.875445876,0.053704169,2.578981014,0.037686212,0.458705197,,,,,,1,0,0,0,0,0,0,0,0,0,0,0,0,0,0,145,7,1.192218878,0.596360153,2.164352856,0.903089987,0,90,1,7,33,0,1.959041392,0.301029996,0.903089987,1.531478917
e141,2010,August,79,2,Camb,Nenrich,4,3,M,8.97179658,287.6399437,0.917511782,3.189792663,0.089838765,2.458849195,-0.03738835,0.503762455,4,21,0,7,0,5,1.082198181,0.577540107,2048,10752,12800,0,3584,0,3.311541958,4.031529646,4.107243898,0,3.55448916,0,103,6,1.612625906,0.785646297,2.017033339,0.84509804,0,44,3,41,15,0,1.653212514,0.602059991,1.62324929,1.204119983
e141,2010,August,80,2,Camb,Namb,4,1,S,,,,,,,,,,,,,,,,,,,,,,,,,,,,,,,,,,,,,,,,,,,,
e141,2010,August,81,2,Camb,Nenrich,1,1,M,8.220376038,228.4707769,1.114973522,4.880158142,0.082296624,2.358830658,0.047264554,0.688433896,2,21,6,14,5,5,1.348996541,0.710106383,1024,10752,11776,3072,7168,2560,3.010723865,4.031529646,4.071034675,3.48756256,3.85545858,3.408409578,58,8,1.507714261,0.744101633,1.770852012,0.954242509,2,21,19,3,13,0.477121255,1.342422681,1.301029996,0.602059991,1.146128036
e141,2010,August,82,2,Camb,Namb,4,3,M,7.005948447,194.562679,0.977468005,5.023923445,0.070116924,2.289059538,-0.009897449,0.701043013,13,60,7,30,0,5,1.154013914,0.622604423,6656,30720,37376,3584,15360,0,3.823278557,4.487435348,4.572604441,3.55448916,4.186419489,0,10,5,1.557113098,0.866666667,1.041392685,0.77815125,0,3,1,4,2,0,0.602059991,0.301029996,0.698970004,0.477121255
e141,2010,August,83,2,Camb,Namb,9,4,M,9.90386765,426.1272822,1.039123631,2.438528754,0.099201301,2.62953934,0.016667221,0.387127881,24,36,1,90,1,5,1.008993389,0.572063437,12288,18432,30720,512,46080,512,4.089516544,4.265596023,4.487435348,2.710117365,4.663521895,2.710117365,80,12,,,1.908485019,1.113943352,0,24.70588235,0,34.11764706,21.17647059,0,1.410032516,0,1.54552541,1.345892429
e141,2010,August,84,2,Camb,Nenrich,9,4,M,6.666666667,406.9751548,0.774666667,1.9034741,0.066716148,2.609567897,-0.110885131,0.279546972,10,30,3,208,9,5,0.720910281,0.345203445,5120,15360,20480,1536,106496,4608,3.709354776,4.186419489,4.311351158,3.186673867,5.027337374,3.663606708,75,15,,,1.880813592,1.204119983,2.5,50,3.75,10,8.75,0.544068044,1.707570176,0.67669361,1.041392685,0.989004616
e141,2010,August,85,2,Camb,Nenrich,4,2,S,,,,,,,,,,,,,,,,,,,,,,,,,,,,,,,,,,,,,,,,,,,,
e141,2010,August,86,2,Camb,Nenrich,4,3,M,7.787610619,351.6849558,1.671017699,4.751461988,0.077955038,2.546153791,0.22298105,0.676827259,12,62,0,25,0,4,0.943439113,0.544040404,6144,31744,37888,0,12800,0,3.788521887,4.501675331,4.578513143,0,4.107243898,0,22,5,1.46763544,0.787878788,1.361727836,0.77815125,0,6,0,9,7,0,0.84509804,0,1,0.903089987
e141,2010,August,88,2,Camb,Nenrich,4,4,S,,,,,,,,,,,,,,,,,,,,,,,,,,,,,,,,,,,,,,,,,,,,
e141,2010,August,89,2,Camb,Namb,4,1,S,,,,,,,,,,,,,,,,,,,,,,,,,,,,,,,,,,,,,,,,,,,,
e141,2010,August,90,2,Camb,Namb,1,1,M,8.639501225,206.4742819,0.823262687,3.987240829,0.086502852,2.314865964,-0.084461568,0.600672468,8,9,0,21,0,4,1.145583977,0.647435897,4096,4608,8704,0,10752,0,3.612465964,3.663606708,3.939768775,0,4.031529646,0,50,5,1.186844077,0.629387755,1.707570176,0.77815125,3,28,1,10,8,0.602059991,1.462397998,0.301029996,1.041392685,0.954242509
e141,2010,August,91,2,Camb,Nenrich,4,3,M,10.38349406,610.6645735,2.96132439,4.849346955,0.104022438,2.785802726,0.471485984,0.685683258,9,57,2,33,1,7,1.253354348,0.641441441,4608,29184,33792,1024,16896,512,3.663606708,4.465159698,4.528826748,3.010723865,4.227809604,2.710117365,74,8,1.634332012,0.768233987,1.875061263,0.954242509,3,14,13,30,14,0.602059991,1.176091259,1.146128036,1.491361694,1.176091259
e141,2010,August,93,2,Camb,Namb,4,1,S,,,,,,,,,,,,,,,,,,,,,,,,,,,,,,,,,,,,,,,,,,,,
e141,2010,August,94,2,Camb,Nenrich,1,1,M,6.228522337,66.38573883,0.74871134,11.27819549,0.062325566,1.822074793,-0.125685589,1.052239618,0,1,0,0,0,1,0,0,0,512,512,0,0,0,0,2.710117365,2.710117365,0,0,0,6,2,0.636514168,0.533333333,0.84509804,0.477121255,0,4,0,0,2,0,0.698970004,0,0,0.477121255
e141,2010,August,95,2,Camb,Nenrich,4,1,S,,,,,,,,,,,,,,,,,,,,,,,,,,,,,,,,,,,,,,,,,,,,
e141,2010,August,96,2,Camb,Nenrich,1,1,M,5.633802817,292.1118224,1.048248167,3.588516746,0.056367873,2.465549134,0.020464112,0.554914977,34,36,3,20,2,8,1.385990782,0.708605092,17408,18432,35840,1536,10240,1024,4.240773825,4.265596023,4.554380118,3.186673867,4.010342366,3.010723865,96,7,1.16982782,0.592982456,1.986771734,0.903089987,0,59,3,19,15,0,1.77815125,0.602059991,1.301029996,1.204119983
e141,2010,August,97,2,Camb,Nenrich,9,4,M,9.141583055,316.6892605,1.377865613,4.350844138,0.091543637,2.500633336,0.139206862,0.638573526,7,15,3,10,1,7,1.633859935,0.794285714,3584,7680,11264,1536,5120,512,3.55448916,3.885417765,4.051731196,3.186673867,3.709354776,2.710117365,85,6,1.407522176,0.711484594,1.934498451,0.84509804,0,42,1,25,17,0,1.633468456,0.301029996,1.414973348,1.255272505
e141,2010,August,98,2,Camb,Nenrich,4,1,S,,,,,,,,,,,,,,,,,,,,,,,,,,,,,,,,,,,,,,,,,,,,
e141,2010,August,99,2,Camb,Nenrich,1,1,M,6.358754028,177.0666667,1.304853042,7.369275461,0.06363047,2.248136812,0.115561602,0.867424791,0,28,0,1,1,4,0.506735258,0.235887097,0,14336,14336,0,512,512,0,4.156458285,4.156458285,0,2.710117365,2.710117365,36,5,1.236684869,0.668253968,1.568201724,0.77815125,0,18,5,3,10,0,1.278753601,0.77815125,0.602059991,1.041392685
e141,2010,August,100,2,Camb,Namb,1,1,M,7.550886408,355.9668782,1.525935653,4.286734937,0.075580802,2.55140959,0.18353622,0.63212663,1,1,0,1,0,4,1.33217904,0.9,512,512,1024,0,512,0,2.710117365,2.710117365,3.010723865,0,2.710117365,0,86,8,1.501163532,0.702325581,1.939519253,0.954242509,1,30,9,4,42,0.301029996,1.491361694,1,0.698970004,1.633468456
e141,2010,August,101,2,Camb,Nenrich,1,1,M,8.565823888,396.1977623,1.888008243,4.765317785,0.085763337,2.597912018,0.276003886,0.678091868,,,,,,,,,,,,,,,,,,,,,37,5,1.085673844,0.572072072,1.579783597,0.77815125,0,25,8,3,1,0,1.414973348,0.954242509,0.602059991,0.301029996
e141,2010,August,102,2,Camb,Namb,1,1,M,7.193778354,198.7290271,0.935642884,4.708133971,0.071999975,2.298261307,-0.028889881,0.672848812,,,,,,,,,,,,,,,,,,,,,,,,,,,,,,,,,,,,
e141,2010,August,103,2,Camb,Nenrich,1,1,M,7.512557327,,1.188091882,,0.07519642,,0.074850028,,41,23,3,14,2,7,1.313218838,0.672829132,20992,11776,32768,1536,7168,1024,4.322074506,4.071034675,4.515463188,3.186673867,3.85545858,3.010723865,58,6,1.486078142,0.741681791,1.770852012,0.84509804,5,31,0,16,6,0.77815125,1.505149978,0,1.230448921,0.84509804
e141,2010,August,105,2,Camb,Namb,4,1,S,,,,,,,,,,,,,,,,,,,,,,,,,,,,,,,,,,,,,,,,,,,,
e141,2010,August,106,2,Camb,Namb,9,4,M,8.522599505,516.3283112,1.201978862,2.327935223,0.085329506,2.712925939,0.07989683,0.366970891,2,34,3,53,5,5,1.038102215,0.580541237,1024,17408,18432,1536,27136,2560,3.010723865,4.240773825,4.265596023,3.186673867,4.433561835,3.408409578,221,12,,,2.346352974,1.113943352,83.98,97.24,4.42,4.42,30.94,1.929316727,1.992288354,0.733999287,0.733999287,1.504334912
e141,2010,August,109,2,Camb,Namb,1,1,M,,278.2397421,1.006208036,3.616334706,,2.444419162,0.002687781,0.558268619,6,15,1,3,0,6,1.410944099,0.713978495,3072,7680,10752,512,1536,0,3.48756256,3.885417765,4.031529646,2.710117365,3.186673867,0,118,5,1.093756844,0.617992177,2.075546961,0.77815125,3,58,1,13,43,0.602059991,1.770852012,0.301029996,1.146128036,1.643452676
e141,2010,August,111,2,Camb,Namb,1,1,M,,147.8238384,1.051790634,7.115162514,,2.169744475,0.021929299,0.852184824,28,30,1,18,1,7,1.289972392,0.694303797,14336,15360,29696,512,9216,512,4.156458285,4.186419489,4.472712579,2.710117365,3.964589587,2.710117365,54,8,1.690576668,0.782669462,1.740362689,0.954242509,2,20,4,10,16,0.477121255,1.322219295,0.698970004,1.041392685,1.230448921
e141,2010,August,112,2,Camb,Nenrich,1,1,M,7.599385021,182.7808279,0.59070443,3.23176362,0.076067186,2.26193064,-0.228629772,0.509439588,10,4,4,11,55,5,1.086812287,0.541881813,5120,2048,7168,2048,5632,28160,3.709354776,3.311541958,3.85545858,3.311541958,3.750739751,4.449648073,51,5,1.227902773,0.691764706,1.716003344,0.77815125,0,22,0,1,15,0,1.361727836,0,0.301029996,1.204119983
e141,2010,August,113,2,Camb,Nenrich,1,1,M,5.101387407,214.6138556,0.323129005,1.505629746,0.051036027,2.331657757,-0.490624057,0.177718186,0,3,3,11,6,5,1.356425558,0.724637681,0,1536,1536,1536,5632,3072,0,3.186673867,3.186673867,3.186673867,3.750739751,3.48756256,37,6,1.412708164,0.696696697,1.579783597,0.84509804,0,22,8,1,6,0,1.361727836,0.954242509,0.301029996,0.84509804
e141,2010,August,114,2,Camb,Nenrich,4,3,M,8.240680183,387.9467572,1.05158371,2.710639259,0.082500357,2.588772126,0.02184385,0.433071724,0,13,0,32,0,6,0.999339307,0.530612245,0,6656,6656,0,16384,0,0,3.823278557,3.823278557,0,4.214446446,0,,,,,,,,,,,,,,,,
e141,2010,August,115,2,Camb,Namb,1,1,M,6.496569468,259.2675419,0.678045222,2.615233737,0.06501148,2.41374815,-0.16874134,0.41751051,2,13,0,9,1,4,1.038649537,0.616666667,1024,6656,7680,0,4608,512,3.010723865,3.823278557,3.885417765,0,3.663606708,2.710117365,53,5,1.218107627,0.656748911,1.73239376,0.77815125,0,22,1,3,27,0,1.361727836,0.301029996,0.602059991,1.447158031
e141,2010,August,116,2,Camb,Namb,1,1,M,5.686695279,164.9422105,0.510656998,3.095975232,0.056897647,2.217331811,-0.291870712,0.490797478,,,,,,,,,,,,,,,,,,,,,107,5,0.935829356,0.470816434,2.033423755,0.77815125,0,77,6,14,10,0,1.892094603,0.84509804,1.176091259,1.041392685
e141,2010,August,119,2,Camb,Namb,9,4,M,8.679245283,434.5355531,1.186503885,2.730510487,0.086901791,2.638025316,0.074269164,0.436243849,8,12,0,33,20,4,1.252736056,0.691019787,4096,6144,10240,0,16896,10240,3.612465964,3.788521887,4.010342366,0,4.227809604,4.010342366,127,12,,,2.10720997,1.113943352,20.32,74.93,10.16,15.24,6.35,1.3287872,1.8804134,1.047664195,1.210586025,0.866287339
e141,2010,August,120,2,Camb,Namb,4,3,M,8.485783557,231.1574961,0.647137447,2.799552072,0.084960008,2.363907982,-0.189003469,0.44708855,8,24,1,19,0,5,1.161741633,0.655297533,4096,12288,16384,512,9728,0,3.612465964,4.089516544,4.214446446,2.710117365,3.988068203,0,72,6,1.423953618,0.736306729,1.86332286,0.84509804,0,25,4,26,17,0,1.414973348,0.698970004,1.431363764,1.255272505
e141,2010,August,121,2,Camb,Namb,4,2,M,7.756172165,242.1458065,0.652497013,2.69464511,0.077639699,2.384076952,-0.185421472,0.430501576,15,41,0,38,2,5,1.146960709,0.650128866,7680,20992,28672,0,19456,1024,3.885417765,4.322074506,4.457473135,0,4.289075879,3.010723865,56,7,1.724704679,0.811688312,1.755874856,0.903089987,3,16,5,18,14,0.602059991,1.230448921,0.77815125,1.278753601,1.176091259
e141,2010,August,122,2,Camb,Namb,1,1,M,5.905256327,206.7777286,0.499877089,2.417460975,0.059086939,2.31550376,-0.301136768,0.383359472,1,1,0,4,0,4,1.214889654,0.75,512,512,1024,0,2048,0,2.710117365,2.710117365,3.010723865,0,3.311541958,0,24,6,1.53777915,0.782608696,1.397940009,0.84509804,0,13,9,1,1,0,1.146128036,1,0.301029996,0.301029996
e141,2010,August,123,3,Cenrich,Nenrich,1,1,M,7.552870091,159.350415,0.687256907,4.312865497,0.075600696,2.202353199,-0.162880887,0.634765914,0,14,5,23,0,3,0.949327734,0.588850174,0,7168,7168,2560,11776,0,0,3.85545858,3.85545858,3.408409578,4.071034675,0,124,5,1.338295353,0.701022817,2.096910013,0.77815125,9,53,5,37,20,1,1.73239376,0.77815125,1.579783597,1.322219295
e141,2010,August,124,3,Cenrich,Nenrich,4,1,S,,,,,,,,,0,0,0,0,0,1,0,0,0,0,0,0,0,0,0,0,0,0,0,0,82,6,1.149619396,0.596205962,1.919078092,0.84509804,0,20,4,10,48,0,1.322219295,0.698970004,1.041392685,1.69019608
e141,2010,August,125,3,Cenrich,Nenrich,4,2,M,7.081980519,758.5947441,2.271216423,2.993978591,0.070879138,2.880009829,0.35625852,0.47624869,9,42,18,68,0,7,1.340356129,0.676087801,4608,21504,26112,9216,34816,0,3.663606708,4.332539447,4.416856769,3.964589587,4.541791347,0,249,7,1.456049513,0.709968908,2.397940009,0.903089987,2,123,46,36,42,0.477121255,2.093421685,1.672097858,1.568201724,1.633468456
e141,2010,August,126,3,Cenrich,Namb,1,1,M,6.089397538,206.0029388,0.754120442,3.66072662,0.060931672,2.313873416,-0.122559287,0.563567297,2,12,2,11,0,5,1.226193206,0.674603175,1024,6144,7168,1024,5632,0,3.010723865,3.788521887,3.85545858,3.010723865,3.750739751,0,100,6,1.386180613,0.705252525,2.004321374,0.84509804,8,35,8,41,8,0.954242509,1.556302501,0.954242509,1.62324929,0.954242509
e141,2010,August,127,3,Cenrich,Nenrich,4,2,M,8.015097691,398.8283871,1.346642772,3.376496798,0.080237043,2.600786062,0.129252404,0.528466342,14,30,3,22,0,6,1.336835713,0.702269171,7168,15360,22528,1536,11264,0,3.85545858,4.186419489,4.352741915,3.186673867,4.051731196,0,288,8,1.388859723,0.636299845,2.460897843,0.954242509,11,166,70,17,24,1.079181246,2.222716471,1.851258349,1.255272505,1.397940009
e141,2010,August,128,3,Cenrich,Namb,9,4,M,11.37343927,536.2874007,1.604729474,2.992293819,0.113981033,2.729397594,0.205401829,0.476004235,10,13,5,74,0,4,0.870872823,0.44981557,5120,6656,11776,2560,37888,0,3.709354776,3.823278557,4.071034675,3.408409578,4.578513143,0,213,16,,,2.330413773,1.230448921,12.78,153.36,29.82,6.39,10.65,1.139249218,2.18853477,1.488832634,0.868644438,1.066325925
e141,2010,August,129,3,Cenrich,Namb,4,3,M,9.758820902,443.8263473,1.587658017,3.577205425,0.097743773,2.64721308,0.200756961,0.553543881,4,25,4,32,0,4,1.059528818,0.611538462,2048,12800,14848,2048,16384,0,3.311541958,4.107243898,4.171697207,3.311541958,4.214446446,0,156,7,1.73802227,0.810587262,2.195899652,0.903089987,25,45,33,34,19,1.414973348,1.662757832,1.531478917,1.544068044,1.301029996
e141,2010,August,132,3,Cenrich,Nenrich,1,1,M,7.173632055,205.9240506,0.702469958,3.411306043,0.071797991,2.313707072,-0.153372244,0.532920684,3,9,0,7,0,3,1.013269026,0.649122807,1536,4608,6144,0,3584,0,3.186673867,3.663606708,3.788521887,0,3.55448916,0,54,4,1.129029314,0.665269043,1.740362689,0.698970004,0,23,19,11,1,0,1.380211242,1.301029996,1.079181246,0.301029996
e141,2010,August,133,3,Cenrich,Namb,9,4,M,11.0629562,485.1385341,1.104394769,2.276452377,0.110856478,2.685865772,0.043124341,0.357258569,4,29,3,74,1,5,0.880760739,0.48959869,2048,14848,16896,1536,37888,512,3.311541958,4.171697207,4.227809604,3.186673867,4.578513143,2.710117365,154,15,,,2.190331698,1.204119983,15.09803922,86.05882353,9.058823529,3.019607843,40.76470588,1.206772981,1.939812794,1.002547189,0.604183685,1.620809427
e141,2010,August,134,3,Cenrich,Namb,1,1,M,4.204141393,204.3365399,0.550429966,2.69374223,0.042053808,2.310346035,-0.25929793,0.430356035,0,4,0,5,0,3,0.943348392,0.644444444,0,2048,2048,0,2560,0,0,3.311541958,3.311541958,0,3.408409578,0,50,5,0.838803763,0.410612245,1.707570176,0.77815125,0,38,3,6,3,0,1.591064607,0.602059991,0.84509804,0.602059991
e141,2010,August,135,3,Cenrich,Namb,1,1,M,5.654697914,363.9317709,1.09020543,2.995631371,0.056577158,2.561019971,0.037508341,0.47648837,6,29,3,15,0,6,1.322151014,0.667293233,3072,14848,17920,1536,7680,0,3.48756256,4.171697207,4.25336224,3.186673867,3.885417765,0,112,5,1.113631321,0.614060489,2.053078443,0.77815125,8,56,2,41,5,0.954242509,1.755874856,0.477121255,1.62324929,0.77815125
e141,2010,August,136,3,Cenrich,Nenrich,4,1,S,,,,,,,,,,,,,,,,,,,,,,,,,,,,,,,,,,,,,,,,,,,,
e141,2010,August,137,3,Cenrich,Nenrich,1,1,M,6.714471969,276.6546429,1.147722334,4.148574273,0.067195275,2.441937963,0.059836833,0.61789887,11,9,0,7,0,5,1.451505544,0.766129032,5632,4608,10240,0,3584,0,3.750739751,3.663606708,4.010342366,0,3.55448916,0,72,7,0.968631943,0.444053208,1.86332286,0.903089987,4,53,1,12,2,0.698970004,1.73239376,0.301029996,1.113943352,0.477121255
e141,2010,August,138,3,Cenrich,Namb,1,1,M,4.669338677,224.3227524,0.940445659,4.192377495,0.046710371,2.350873325,-0.026666294,0.622460381,3,13,2,8,0,6,1.379990038,0.708994709,1536,6656,8192,1024,4096,0,3.186673867,3.823278557,3.913442955,3.010723865,3.612465964,0,132,6,1.130240124,0.608605135,2.123851641,0.84509804,6,51,5,65,5,0.84509804,1.716003344,0.77815125,1.819543936,0.77815125
e141,2010,August,139,3,Cenrich,Namb,1,1,M,6.829698171,212.3975912,0.768010575,3.615910004,0.068350188,2.327149587,-0.1146328,0.558217613,10,13,2,31,0,5,1.205332931,0.6430732,5120,6656,11776,1024,15872,0,3.709354776,3.823278557,4.071034675,3.010723865,4.200659016,0,159,7,1.384967417,0.659103575,2.204119983,0.903089987,15,86,29,14,13,1.204119983,1.939519253,1.477121255,1.176091259,1.146128036
e141,2010,August,140,3,Cenrich,Namb,1,1,M,6.780696396,81.98470948,1.078746177,13.15789474,0.067859032,1.913732862,0.03291927,1.119186408,2,53,2,14,5,6,0.990661885,0.493848257,1024,27136,28160,1024,7168,2560,3.010723865,4.433561835,4.449648073,3.010723865,3.85545858,3.408409578,111,7,1.242299247,0.636036036,2.049218023,0.903089987,5,57,4,41,4,0.77815125,1.763427994,0.698970004,1.62324929,0.698970004
e141,2010,August,141,3,Cenrich,Nenrich,1,1,M,6.390814558,350.7481225,0.823853789,2.348847325,0.063951729,2.544995355,-0.084149856,0.370854789,16,43,2,18,2,7,1.275559826,0.653834852,8192,22016,30208,1024,9216,1024,3.913442955,4.342758142,4.480136349,3.010723865,3.964589587,3.010723865,56,6,1.443699436,0.718181818,1.755874856,0.84509804,15,25,7,3,6,1.204119983,1.414973348,0.903089987,0.602059991,0.84509804
e141,2010,August,142,3,Cenrich,Nenrich,1,1,M,,30.78145695,0.266944453,8.672248804,,1.488289172,-0.573579099,0.938131729,1,0,0,0,0,1,0,0,512,0,512,0,0,0,2.710117365,0,2.710117365,0,0,0,1,1,0,0,0.301029996,0.301029996,0,1,0,0,,0,0.301029996,0,0,0
e141,2010,August,143,3,Cenrich,Nenrich,1,1,M,6.758206393,464.2016735,1.665795479,3.588516746,0.067633615,2.666706702,0.221621679,0.554914977,5,27,3,26,3,7,1.506842181,0.72456964,2560,13824,16384,1536,13312,1536,3.408409578,4.14066514,4.214446446,3.186673867,4.124275932,3.186673867,146,6,1.364793348,0.709022201,2.167317335,0.84509804,3,51,10,56,26,0.602059991,1.716003344,1.041392685,1.755874856,1.431363764
e141,2010,August,144,3,Cenrich,Nenrich,1,1,M,7.080799305,444.3732986,1.686418924,3.795050084,0.070867296,2.647747955,0.226965467,0.579217512,9,53,1,8,3,5,0.923904798,0.465012958,4608,27136,31744,512,4096,1536,3.663606708,4.433561835,4.501675331,2.710117365,3.612465964,3.186673867,251,7,1.480489815,0.721083665,2.401400541,0.903089987,19,74,50,106,2,1.301029996,1.875061263,1.707570176,2.029383778,0.477121255
e141,2010,August,145,3,Cenrich,Namb,1,1,M,6.430249947,380.4654276,1.139636053,2.995373483,0.064346895,2.580315199,0.05676618,0.476450981,1,0,0,4,0,2,0.500402424,0.4,512,0,512,0,2048,0,2.710117365,0,2.710117365,0,3.311541958,0,59,5,1.310052076,0.711864407,1.77815125,0.77815125,12,23,0,20,4,1.113943352,1.380211242,0,1.322219295,0.698970004
e141,2010,August,146,3,Cenrich,Namb,1,1,M,4.940088291,68.07035246,0.210961836,3.099173554,0.049420998,1.832957999,-0.675796103,0.491245897,0,2,0,7,0,2,0.529706199,0.388888889,0,1024,1024,0,3584,0,0,3.010723865,3.010723865,0,3.55448916,0,6,3,0.867563228,0.6,0.84509804,0.602059991,1,4,0,1,,0.301029996,0.698970004,0,0.301029996,0
e141,2010,August,148,3,Cenrich,Namb,4,3,M,9.764837626,476.3375887,1.644283824,3.451929604,0.097804229,2.677914854,0.215976784,0.53806193,14,40,1,95,5,7,1.074287366,0.56344929,7168,20480,27648,512,48640,2560,3.85545858,4.311351158,4.441679429,2.710117365,4.687002495,3.408409578,219,6,1.100047697,0.581165431,2.342422681,0.84509804,8,70,9,127,5,0.954242509,1.851258349,1,2.10720997,0.77815125
e141,2010,August,150,3,Cenrich,Namb,4,1,S,,,,,,,,,,,,,,,,,,,,,,,,,,,,,,,,,,,,,,,,,,,,
e141,2010,August,152,3,Cenrich,Namb,4,1,S,,,,,,,,,,,,,,,,,,,,,,,,,,,,,,,,,,,,,,,,,,,,
e141,2010,August,153,3,Cenrich,Namb,1,1,M,6.814718049,323.6632557,0.931476753,2.877919371,0.068200037,2.510093398,-0.030827979,0.459078622,13,13,6,52,0,4,1.062913067,0.570567986,6656,6656,13312,3072,26624,0,3.823278557,3.823278557,4.124275932,3.48756256,4.425289616,0,,,,,,,,,,,,,,,,
e141,2010,August,154,3,Cenrich,Nenrich,4,4,S,,,,,,,,,,,,,,,,,,,,,,,,,,,,,,,,,,,,,,,,,,,,
e141,2010,August,155,3,Cenrich,Namb,4,4,S,,,,,,,,,,,,,,,,,,,,,,,,,,,,,,,,,,,,,,,,,,,,
e141,2010,August,156,3,Cenrich,Namb,4,2,M,9.23245614,776.2805556,1.969098884,2.536581484,0.092456227,2.890018708,0.294267526,0.404248818,,,,,,,,,,,,,,,,,,,,,,,,,,,,,,,,,,,,
e141,2010,August,157,3,Cenrich,Namb,4,1,S,,,,,,,,,,,,,,,,,,,,,,,,,,,,,,,,,,,,,,,,,,,,
e141,2010,August,158,3,Cenrich,Nenrich,1,1,M,5.749574106,136.3419932,1.001026018,7.342022769,0.057527466,2.134629639,0.000445366,0.865815727,11,11,0,15,0,3,1.087284155,0.677177177,5632,5632,11264,0,7680,0,3.750739751,3.750739751,4.051731196,0,3.885417765,0,68,4,0.429878624,0.193590869,1.838849091,0.698970004,0,61,4,1,2,0,1.792391689,0.698970004,0.301029996,0.477121255
e141,2010,August,159,3,Cenrich,Namb,1,1,M,6.503360069,390.8598887,1.396882329,3.573869739,0.06507953,2.592021104,0.145159823,0.553138719,12,23,6,32,0,5,1.282587357,0.692706405,6144,11776,17920,3072,16384,0,3.788521887,4.071034675,4.25336224,3.48756256,4.214446446,0,234,6,1.197583556,0.641502513,2.371067862,0.84509804,0,109,23,87,15,0,2.041392685,1.380211242,1.944482672,1.204119983
e141,2010,August,160,3,Cenrich,Nenrich,1,1,M,2.770475228,125.5127565,0.749209651,5.969191271,0.027708298,2.098687868,-0.125396637,0.775915495,5,27,2,7,0,5,1.069992229,0.555168409,2560,13824,16384,1024,3584,0,3.408409578,4.14066514,4.214446446,3.010723865,3.55448916,0,68,6,1.288965231,0.696224759,1.838849091,0.84509804,1,25,15,25,2,0.301029996,1.414973348,1.204119983,1.414973348,0.477121255
e141,2010,August,161,3,Cenrich,Nenrich,9,4,M,6.598269966,477.0965611,1.764398019,3.698198986,0.066030672,2.678606286,0.246596561,0.567990275,3,40,5,15,35,7,1.435687074,0.714639254,1536,20480,22016,2560,7680,17920,3.186673867,4.311351158,4.342758142,3.408409578,3.885417765,4.25336224,277,6,1.318369296,0.702244546,2.444044796,0.84509804,102,78,8,84,5,2.012837225,1.897627091,0.954242509,1.929418926,0.77815125
e141,2010,August,162,3,Cenrich,Nenrich,4,3,M,8.284263959,439.8981625,2.122315696,4.824561404,0.08293769,2.643352148,0.326809986,0.683457838,,,,,,,,,,,,,,,,,,,,,,,,,,,,,,,,,,,,
e141,2010,August,164,3,Cenrich,Namb,4,4,M,6.548100243,504.5217705,1.281617647,2.540262328,0.065527887,2.702879911,0.107758479,0.404878568,,,,,,,,,,,,,,,,,,,,,,,,,,,,,,,,,,,,
e141,2010,August,166,3,Cenrich,Nenrich,9,4,M,8.069939475,460.267653,1.410931779,3.065459347,0.080787243,2.663010454,0.149506015,0.486495561,5,16,7,28,0,4,1.180142647,0.656493506,2560,8192,10752,3584,14336,0,3.408409578,3.913442955,4.031529646,3.55448916,4.156458285,0,437,14,,,2.641474111,1.176091259,78.66,270.94,65.55,0,21.85,1.901240302,2.434473093,1.82314806,0,1.358886204
e141,2010,August,167,3,Cenrich,Nenrich,4,3,M,7.038183695,431.3641208,1.586656306,3.678229665,0.070440074,2.634844019,0.200482862,0.565638843,3,48,0,29,0,4,0.950932967,0.557372347,1536,24576,26112,0,14848,0,3.186673867,4.390528869,4.416856769,0,4.171697207,0,158,7,1.353691783,0.699508184,2.201397124,0.903089987,1,70,9,36,42,0.301029996,1.851258349,1,1.568201724,1.633468456
e141,2010,August,168,3,Cenrich,Nenrich,4,1,S,,,,,,,,,,,,,,,,,,,,,,,,,,,,,,,,,,,,,,,,,,,,
e141,2010,August,169,3,Cenrich,Namb,1,1,M,4.570163076,204.9434599,1.066392405,5.203349282,0.045717555,2.311634064,0.027917043,0.71628298,29,12,0,22,0,4,1.10461132,0.651289683,14848,6144,20992,0,11264,0,4.171697207,3.788521887,4.322074506,0,4.051731196,0,59,7,1.417044578,0.708357686,1.77815125,0.903089987,1,25,6,8,19,0.301029996,1.414973348,0.84509804,0.954242509,1.301029996
e141,2010,August,170,3,Cenrich,Namb,9,4,M,6.889564336,504.5027203,1.972491839,3.909774436,0.068950264,2.702863512,0.295015215,0.592151703,18,93,9,51,0,5,1.113444634,0.609547124,9216,47616,56832,4608,26112,0,3.964589587,4.67776203,4.754600581,3.663606708,4.416856769,0,194,7,1.241239325,0.589872336,2.290034611,0.903089987,15,118,7,30,24,1.204119983,2.075546961,0.903089987,1.491361694,1.397940009
e141,2010,August,171,3,Cenrich,Nenrich,9,4,M,13.35833138,519.1374111,1.497773611,2.885119776,0.133983826,2.715282327,0.175446175,0.460163848,7,55,3,23,1,5,1.011817268,0.550051073,3584,28160,31744,1536,11776,512,3.55448916,4.449648073,4.501675331,3.186673867,4.071034675,2.710117365,178,14,,,2.252853031,1.176091259,1.78,117.48,12.46,1.78,44.5,0.444044796,2.073645046,1.12904506,0.444044796,1.658011397
e141,2010,August,172,3,Cenrich,Namb,4,1,S,,,,,,,,,,,,,,,,,,,,,,,,,,,,,,,,,,,,,,,,,,,,
e141,2010,August,174,3,Cenrich,Nenrich,1,1,M,,218.2188684,1.196661932,5.483769303,,2.338892299,0.077971475,0.739079176,5,13,4,5,0,4,1.259396191,0.703703704,2560,6656,9216,2048,2560,0,3.408409578,3.823278557,3.964589587,3.311541958,3.408409578,0,51,8,1.557333418,0.760784314,1.716003344,0.954242509,1,17,3,17,13,0.301029996,1.255272505,0.602059991,1.255272505,1.146128036
e141,2010,August,176,3,Cenrich,Nenrich,4,3,M,6.94388373,566.7165582,1.701409978,3.00222387,0.069494762,2.753365902,0.230808975,0.477443074,23,76,1,23,0,6,1.041365995,0.566967742,11776,38912,50688,512,11776,0,4.071034675,4.590094714,4.704913723,2.710117365,4.071034675,0,112,5,1.188283279,0.651383526,2.053078443,0.77815125,0,60,1,9,42,0,1.785329835,0.301029996,1,1.633468456
e141,2010,August,178,3,Cenrich,Namb,4,3,M,7.19164323,356.8161616,1.363986014,3.822657606,0.071978569,2.552444517,0.134809917,0.5823654,0,32,1,11,0,3,0.664180614,0.417547569,0,16384,16384,512,5632,0,0,4.214446446,4.214446446,2.710117365,3.750739751,0,66,6,1.251941827,0.662004662,1.826074803,0.84509804,1,32,1,12,20,0.301029996,1.51851394,0.301029996,1.113943352,1.322219295
e141,2010,August,181,3,Cenrich,Nenrich,4,1,S,,,,,,,,,,,,,,,,,,,,,,,,,,,,,,,,,,,,,,,,,,,,
e141,2010,August,183,3,Cenrich,Nenrich,1,1,M,4.381028939,394.4157209,1.521680085,3.858061443,0.043824316,2.595954217,0.182323357,0.58636914,2,15,4,22,1,5,1.157936025,0.637420719,1024,7680,8704,2048,11264,512,3.010723865,3.885417765,3.939768775,3.311541958,4.051731196,2.710117365,162,8,1.45168993,0.680776014,2.212187604,0.954242509,6,89,12,40,15,0.84509804,1.954242509,1.113943352,1.612783857,1.204119983
e141,2010,August,186,4,Camb,Nenrich,9,4,M,9.713518353,683.554909,1.44123023,2.108433735,0.097288585,2.834773407,0.158733363,0.323959956,2,5,1,59,1,5,0.54291663,0.244073749,1024,2560,3584,512,30208,512,3.010723865,3.408409578,3.55448916,2.710117365,4.480136349,2.710117365,166,15,,,2.222716471,1.204119983,44.82,66.4,33.2,1.66,19.92,1.661055085,1.828659897,1.534026106,0.424881637,1.32056168
e141,2010,August,187,4,Camb,Namb,9,4,M,6.292722155,344.203962,1.591702012,4.624298927,0.062968826,2.536815865,0.201861765,0.6650459,0,10,5,10,0,4,1.177369945,0.692307692,0,5120,5120,2560,5120,0,0,3.709354776,3.709354776,3.408409578,3.709354776,0,83,8,1.647881874,0.763150162,1.924279286,0.954242509,0,35,7,14,19,0,1.556302501,0.903089987,1.176091259,1.301029996
e141,2010,August,189,4,Camb,Namb,4,3,M,4.08410837,549.1576728,1.921844597,3.49962259,0.040852446,2.739697056,0.283718267,0.544021211,1,32,5,16,7,6,1.273367787,0.657852988,512,16384,16896,2560,8192,3584,2.710117365,4.214446446,4.227809604,3.408409578,3.913442955,3.55448916,85,6,1.247423412,0.606162465,1.934498451,0.84509804,11,58,1,5,10,1.079181246,1.770852012,0.301029996,0.77815125,1.041392685
e141,2010,August,190,4,Camb,Namb,1,1,M,5.609362389,405.8802907,1.299306081,3.20120516,0.056123082,2.608397963,0.113711471,0.505313508,,,,,,,,,,,,,,,,,,,,,0,0,0,0,0,0,0,0,0,0,,0,0,0,0,0
e141,2010,August,191,4,Camb,Namb,4,2,S,,,,,,,,,,,,,,,,,,,,,,,,,,,,,,,,,,,,,,,,,,,,
e141,2010,August,192,4,Camb,Namb,1,1,M,3.726082578,93.91617852,0.766688124,8.163536205,0.037269453,1.972740413,-0.115381264,0.911878323,1,4,0,0,0,3,0.867563228,0.6,512,2048,2560,0,0,0,2.710117365,3.311541958,3.408409578,0,0,0,9,4,1.149059697,0.694444444,1,0.698970004,0,2,5,1,1,0,0.477121255,0.77815125,0.301029996,0.301029996
e141,2010,August,193,4,Camb,Nenrich,4,3,M,6.435241575,471.0356549,1.919955939,4.076031016,0.064396915,2.673053782,0.283291262,0.61023748,0,19,1,32,0,4,0.822218527,0.515965167,0,9728,9728,512,16384,0,0,3.988068203,3.988068203,2.710117365,4.214446446,0,57,4,1.100575665,0.637844612,1.763427994,0.698970004,0,26,2,22,7,0,1.431363764,0.477121255,1.361727836,0.903089987
e141,2010,August,194,4,Camb,Nenrich,9,4,M,9.5659876,395.9960142,0.6218261,1.570283734,0.095806374,2.597690815,-0.206331053,0.195978132,0,11,0,21,1,3,0.759785768,0.498106061,0,5632,5632,0,10752,512,0,3.750739751,3.750739751,0,4.031529646,2.710117365,187,17,,,2.274157849,1.255272505,28.05,97.24,44.88,0,16.83,1.463146137,1.992288354,1.661623409,0,1.251151343
e141,2010,August,195,4,Camb,Nenrich,1,1,M,5,106.475461,0.43827853,4.116239797,0.050020857,2.027249529,-0.358249804,0.614500667,1,0,0,3,0,2,0.562335145,0.5,512,0,512,0,1536,0,2.710117365,0,2.710117365,0,3.186673867,0,15,3,0.72987121,0.447619048,1.204119983,0.602059991,0,11,3,0,1,0,1.079181246,0.602059991,0,0.301029996
e141,2010,August,196,4,Camb,Nenrich,1,1,M,6.402048656,175.8952909,0.698832111,3.973000684,0.0640643,2.245254213,-0.155627148,0.59911864,11,5,2,10,0,4,1.230912265,0.706349206,5632,2560,8192,1024,5120,0,3.750739751,3.408409578,3.913442955,3.010723865,3.709354776,0,58,5,0.680357542,0.311554749,1.770852012,0.77815125,0,49,7,0,2,0,1.698970004,0.903089987,0,0.477121255
e141,2010,August,197,4,Camb,Nenrich,4,2,M,6.753812636,286.9979666,0.81701327,2.846756302,0.067589577,2.45787882,-0.08777089,0.454350291,4,11,5,44,2,7,1.201553641,0.565643649,2048,5632,7680,2560,22528,1024,3.311541958,3.750739751,3.885417765,3.408409578,4.352741915,3.010723865,152,8,1.444582792,0.68935169,2.184691431,0.954242509,14,79,6,33,20,1.176091259,1.903089987,0.84509804,1.531478917,1.322219295
e141,2010,August,198,4,Camb,Namb,4,3,M,8.998676665,443.1182179,2.003689297,4.521793995,0.090108658,2.646519606,0.301830378,0.655310773,0,153,10,0,0,3,0.266434398,0.126664672,0,78336,78336,5120,0,0,0,4.893966936,4.893966936,3.709354776,0,0,208,7,1.512653772,0.75,2.320146286,0.903089987,72,47,15,56,17,1.86332286,1.681241237,1.204119983,1.755874856,1.255272505
e141,2010,August,199,4,Camb,Namb,1,1,M,6.892123288,428.4543379,1.808841843,4.221784408,0.068975914,2.631904544,0.257400596,0.625496052,5,7,1,17,0,5,1.181303738,0.640860215,2560,3584,6144,512,8704,0,3.408409578,3.55448916,3.788521887,2.710117365,3.939768775,0,94,7,1.116214087,0.58796614,1.977723605,0.903089987,1,52,6,31,3,0.301029996,1.72427587,0.84509804,1.505149978,0.602059991
e141,2010,August,200,4,Camb,Namb,4,1,S,,,,,,,,,,,,,,,,,,,,,,,,,,,,,,,,,,,,,,,,,,,,
e141,2010,August,202,4,Camb,Namb,1,1,M,6.617805562,282.3801107,,,0.066226456,2.450834104,,,0,12,8,31,2,4,1.059078521,0.593613933,0,6144,6144,4096,15872,1024,0,3.788521887,3.788521887,3.612465964,4.200659016,3.010723865,229,7,1.333293031,0.683559335,2.361727836,0.903089987,28,82,4,95,20,1.462397998,1.919078092,0.698970004,1.982271233,1.322219295
e141,2010,August,203,4,Camb,Nenrich,4,4,S,,,,,,,,,,,,,,,,,,,,,,,,,,,,,,,,,,,,,,,,,,,,
e141,2010,August,204,4,Camb,Nenrich,1,1,M,9.930038366,362.0705635,1.835703002,5.070014486,0.099464305,2.558793218,0.263802418,0.7050092,6,27,3,11,2,5,1.222491085,0.638605442,3072,13824,16896,1536,5632,1024,3.48756256,4.14066514,4.227809604,3.186673867,3.750739751,3.010723865,243,6,1.332372587,0.704451927,2.387389826,0.84509804,43,85,2,92,21,1.643452676,1.934498451,0.477121255,1.968482949,1.342422681
e141,2010,August,206,4,Camb,Nenrich,4,2,M,8.195272808,326.7563508,1.21340643,3.713489966,0.082044742,2.514224037,0.084006292,0.569782255,1,30,4,22,0,6,1.101536887,0.607247224,512,15360,15872,2048,11264,0,2.710117365,4.186419489,4.200659016,3.311541958,4.051731196,0,201,6,1.309084715,0.673532338,2.305351369,0.84509804,10,88,23,76,4,1.041392685,1.949390007,1.380211242,1.886490725,0.698970004
e141,2010,August,207,4,Camb,Nenrich,4,1,S,,,,,,,,,,,,,,,,,,,,,,,,,,,,,,,,,,,,,,,,,,,,
e141,2010,August,208,4,Camb,Nenrich,1,1,M,6.279774794,331.4727876,1.292432773,3.899061465,0.062839096,2.520447881,0.111407962,0.590960081,8,9,1,15,1,5,1.260733861,0.698752228,4096,4608,8704,512,7680,512,3.612465964,3.663606708,3.939768775,2.710117365,3.885417765,2.710117365,95,7,0.835897091,0.355655095,1.982271233,0.903089987,1,79,5,5,2,0.301029996,1.903089987,0.77815125,0.77815125,0.477121255
e141,2010,August,209,4,Camb,Namb,1,1,M,5.867182463,215.1019414,0.953519723,4.432873628,0.058705539,2.33264433,-0.020670319,0.646685351,16,3,0,7,1,6,1.25423971,0.645320197,8192,1536,9728,0,3584,512,3.913442955,3.186673867,3.988068203,0,3.55448916,2.710117365,76,5,1.064113849,0.593333333,1.886490725,0.77815125,2,43,0,7,24,0.477121255,1.643452676,0,0.903089987,1.397940009
e141,2010,August,210,4,Camb,Nenrich,1,1,M,4.746768383,347.7709967,0.906605791,2.606904542,0.047485527,2.54129336,-0.042581511,0.416125129,29,22,4,17,1,7,1.426120028,0.726315789,14848,11264,26112,2048,8704,512,4.171697207,4.051731196,4.416856769,3.311541958,3.939768775,2.710117365,69,6,1.121181237,0.591645354,1.84509804,0.84509804,0,41,4,3,21,0,1.62324929,0.698970004,0.602059991,1.342422681
e141,2010,August,211,4,Camb,Namb,4,2,M,6.286454958,286.1697991,1.038335395,3.628389155,0.06290603,2.456623799,0.016337659,0.55971386,,,,,,,,,,,,,,,,,,,,,,,,,,,,,,,,,,,,
e141,2010,August,212,4,Camb,Nenrich,1,1,M,,213.7761729,0.593367473,2.775648312,,2.329959298,-0.226676264,0.443364438,1,27,4,14,9,7,1.592476619,0.769170579,512,13824,14336,2048,7168,4608,2.710117365,4.14066514,4.156458285,3.311541958,3.85545858,3.663606708,90,5,0.700077196,0.332833958,1.959041392,0.77815125,0,73,2,7,8,0,1.86923172,0.477121255,0.903089987,0.954242509
e141,2010,August,214,4,Camb,Nenrich,4,1,S,,,,,,,,,,,,,,,,,,,,,,,,,,,,,,,,,,,,,,,,,,,,
e141,2010,August,215,4,Camb,Nenrich,4,1,S,,,,,,,,,,,,,,,,,,,,,,,,,,,,,,,,,,,,,,,,,,,,
e141,2010,August,216,4,Camb,Namb,4,4,S,,,,,,,,,,,,,,,,,,,,,,,,,,,,,,,,,,,,,,,,,,,,
e141,2010,August,218,4,Camb,Nenrich,4,4,M,,551.95,1.555783078,2.818702923,,2.741899738,0.191949044,0.450049306,,,,,,,,,,,,,,,,,,,,,,,,,,,,,,,,,,,,
e141,2010,August,219,4,Camb,Nenrich,1,1,M,7.326561487,303.7892083,1.444024206,4.753375586,0.07333132,2.482572342,0.159574473,0.677002131,2,13,0,7,0,5,1.16338687,0.637681159,1024,6656,7680,0,3584,0,3.010723865,3.823278557,3.885417765,0,3.55448916,0,58,7,1.416500321,0.712643678,1.770852012,0.903089987,4,20,1,10,23,0.698970004,1.322219295,0.301029996,1.041392685,1.380211242
e141,2010,August,220,4,Camb,Namb,4,3,M,5.069025022,484.1666667,1.554012079,3.209663503,0.050711983,2.684994886,0.19145439,0.506459504,,,,,,,,,,,,,,,,,,,,,,,,,,,,,,,,,,,,
e141,2010,August,221,4,Camb,Namb,4,1,S,,,,,,,,,,,,,,,,,,,,,,,,,,,,,,,,,,,,,,,,,,,,
e141,2010,August,223,4,Camb,Namb,1,1,M,1.603735282,236.8590881,0.866737554,3.659296169,0.01603804,2.374490053,-0.062112386,0.563397561,0,0,1,3,0,3,0.897945725,0.6,0,0,0,512,1536,0,0,0,0,2.710117365,3.186673867,0,142,7,1.388253158,0.635101388,2.155336037,0.903089987,12,87,14,16,13,1.113943352,1.944482672,1.176091259,1.230448921,1.146128036
e141,2010,August,225,4,Camb,Nenrich,1,1,M,5.543710021,188.2985075,0.891940299,4.736842105,0.055465535,2.274846878,-0.049664214,0.675488908,2,5,2,9,2,7,1.63735637,0.787878788,1024,2560,3584,1024,4608,1024,3.010723865,3.408409578,3.55448916,3.010723865,3.663606708,3.010723865,102,6,1.063924598,0.521840419,2.012837225,0.84509804,2,74,18,2,6,0.477121255,1.875061263,1.278753601,0.477121255,0.84509804
e141,2010,August,226,4,Camb,Namb,9,4,M,5.975933102,715.1803326,1.764425163,2.467105263,0.059794957,2.854415563,0.246603243,0.39218768,1,18,4,8,1,8,1.516235797,0.714714715,512,9216,9728,2048,4096,512,2.710117365,3.964589587,3.988068203,3.311541958,3.612465964,2.710117365,132,7,1.229264885,0.656835531,2.123851641,0.903089987,2,51,0,22,57,0.477121255,1.716003344,0,1.361727836,1.763427994
e141,2010,August,227,4,Camb,Namb,1,1,M,7.508680556,231.5762442,1.033897569,4.4646098,0.075157542,2.364694006,0.014477514,0.649783508,0,7,2,8,0,3,0.971848771,0.632352941,0,3584,3584,1024,4096,0,0,3.55448916,3.55448916,3.010723865,3.612465964,0,96,4,1.045820055,0.586184211,1.986771734,0.698970004,3,56,0,23,14,0.602059991,1.755874856,0,1.380211242,1.176091259
e141,2010,August,228,4,Camb,Namb,1,1,M,4.326822096,213.3140097,0.842028986,3.947368421,0.043281733,2.329019379,-0.074672958,0.596307662,0,3,1,1,1,4,1.242453325,0.8,0,1536,1536,512,512,512,0,3.186673867,3.186673867,2.710117365,2.710117365,2.710117365,122,7,1.445910858,0.725917897,2.089905111,0.903089987,1,53,23,27,18,0.301029996,1.73239376,1.380211242,1.447158031,1.278753601
e141,2010,August,229,4,Camb,Namb,1,1,M,4.484590861,115.7472193,0.617428268,5.33428165,0.044860954,2.063510566,-0.209413491,0.727075943,0,1,0,0,0,1,0,0,0,512,512,0,0,0,0,2.710117365,2.710117365,0,0,0,23,5,1.280164552,0.699604743,1.380211242,0.77815125,0,11,1,6,4,0,1.079181246,0.301029996,0.84509804,0.698970004
e141,2010,August,231,4,Camb,Namb,1,1,M,5.860805861,359.9587733,1.377073906,3.825643404,0.058641663,2.556252763,0.138957249,0.582704486,,,,,,,,,,,,,,,,,,,,,102,7,1.48387483,0.704135119,2.012837225,0.903089987,13,20,10,50,7,1.146128036,1.322219295,1.041392685,1.707570176,0.903089987
e141,2010,August,232,4,Camb,Nenrich,9,4,M,10.45867494,340.8155698,0.997728784,2.927474188,0.104778362,2.532519427,-0.000987499,0.466493074,0,1,1,1,1,4,1.386294361,1,0,512,512,512,512,512,0,2.710117365,2.710117365,2.710117365,2.710117365,2.710117365,182,16,,,2.26245109,1.230448921,32.76,96.46,20.02,0,32.76,1.528402438,1.988826407,1.322632712,0,1.528402438
e141,2010,August,233,4,Camb,Namb,9,4,M,11.27339115,544.1405751,1.374092361,2.525252525,0.112974075,2.735711111,0.138015925,0.402304814,9,5,0,13,3,4,1.252451073,0.708045977,4608,2560,7168,0,6656,1536,3.663606708,3.408409578,3.85545858,0,3.823278557,3.186673867,225,17,,,2.354108439,1.255272505,20.25,123.75,27,2.25,51.75,1.327358934,2.096040554,1.447158031,0.511883361,1.722222464
e141,2010,August,235,4,Camb,Namb,1,1,M,5.878594249,324.4690096,1.509733759,4.65293669,0.058819854,2.511173223,0.178900366,0.667727143,4,4,1,7,1,8,1.802235264,0.833613445,2048,2048,4096,512,3584,512,3.311541958,3.311541958,3.612465964,2.710117365,3.55448916,2.710117365,,,,,,,,,,,,,,,,
e141,2010,August,237,4,Camb,Nenrich,1,1,M,4.361567636,58.92428712,0.587610619,9.972299169,0.043629517,1.770294337,-0.230910364,0.998795299,1,3,0,1,0,3,0.950270539,0.7,512,1536,2048,0,512,0,2.710117365,3.186673867,3.311541958,0,2.710117365,0,4,3,1.039720771,0.833333333,0.698970004,0.602059991,0,2,1,0,1,0,0.477121255,0.301029996,0,0.301029996
e141,2010,August,238,4,Camb,Nenrich,4,4,M,7.293707816,245.1508818,1.08787285,4.437564499,0.073001902,2.38943346,0.036578138,0.647144679,3,11,3,12,1,5,1.308283997,0.708045977,1536,5632,7168,1536,6144,512,3.186673867,3.750739751,3.85545858,3.186673867,3.788521887,2.710117365,80,6,1.120419914,0.580379747,1.908485019,0.84509804,0,19,2,11,48,0,1.301029996,0.477121255,1.079181246,1.69019608
e141,2010,August,239,4,Camb,Namb,4,3,M,7.359307359,262.8333333,1.056363636,4.019138756,0.073659665,2.419680443,0.023813443,0.604133,1,5,2,29,4,5,0.966493032,0.484146341,512,2560,3072,1024,14848,2048,2.710117365,3.408409578,3.48756256,3.010723865,4.171697207,3.311541958,,,,,,,,,,,,,,,,
e141,2010,August,240,4,Camb,Nenrich,4,1,S,,,,,,,,,,,,,,,,,,,,,,,,,,,,,,,,,,,,,,,,,,,,
e141,2010,August,241,4,Camb,Nenrich,1,1,M,4.572147651,205.2834172,1.169798658,5.698456668,0.045737421,2.312353869,0.068111119,0.75575725,1,0,0,2,0,3,1.039720771,0.833333333,512,0,512,0,1024,0,2.710117365,0,2.710117365,0,3.010723865,0,79,5,0.93768096,0.492372606,1.903089987,0.77815125,0,54,4,16,5,0,1.740362689,0.698970004,1.230448921,0.77815125
e141,2010,August,242,4,Camb,Namb,4,1,S,,,,,,,,,,,,,,,,,,,,,,,,,,,,,,,,,,,,,,,,,,,,
e141,2010,August,244,4,Camb,Namb,4,1,S,10.09743136,283.5527015,0.718316357,2.533272837,0.101146691,2.452633789,-0.143684244,0.403681966,,,,,,,,,,,,,,,,,,,,,,,,,,,,,,,,,,,,
e141,2010,August,246,5,Cenrich,Nenrich,1,1,M,4.518455664,323.1612219,1.405048791,4.347826087,0.045199946,2.509419242,0.147691406,0.638272164,0,44,0,1,0,4,0.307501987,0.124884366,0,22528,22528,0,512,0,0,4.352741915,4.352741915,0,2.710117365,0,56,7,1.547644,0.735714286,1.755874856,0.903089987,25,18,5,3,5,1.414973348,1.278753601,0.77815125,0.602059991,0.77815125
e141,2010,August,247,5,Cenrich,Nenrich,4,1,S,,,,,,,,,,,,,,,,,,,,,,,,,,,,,,,,,,,,,,,,,,,,
e141,2010,August,248,5,Cenrich,Namb,1,1,M,4.925053533,133.9493219,0.808672377,6.037151703,0.049270468,2.126940519,-0.092227392,0.780832089,2,2,1,2,0,5,1.559581156,0.892857143,1024,1024,2048,512,1024,0,3.010723865,3.010723865,3.311541958,2.710117365,3.010723865,0,18,5,1.34853902,0.718954248,1.278753601,0.77815125,1,9,3,2,3,0.301029996,1,0.602059991,0.477121255,0.602059991
e141,2010,August,249,5,Cenrich,Nenrich,4,2,M,6.2688974,313.3651613,1.429940263,4.563175616,0.062730107,2.496050712,0.155317895,0.659267183,3,39,0,8,1,5,0.820276922,0.417797888,1536,19968,21504,0,4096,512,3.186673867,4.300356317,4.332539447,0,3.612465964,2.710117365,140,7,1.289808872,0.611921891,2.149219113,0.903089987,16,84,12,19,9,1.230448921,1.929418926,1.113943352,1.301029996,1
e141,2010,August,251,5,Cenrich,Nenrich,1,1,M,8.999192897,531.96068,2.07551121,3.901625229,0.090113841,2.725879532,0.317125083,0.591245551,35,83,14,56,0,5,1.254617651,0.683158843,17920,42496,60416,7168,28672,0,4.25336224,4.628358273,4.781159157,3.85545858,4.457473135,0,29,6,1.606971112,0.802955665,1.477121255,0.84509804,3,5,3,17,1,0.602059991,0.77815125,0.602059991,1.255272505,0.301029996
e141,2010,August,252,5,Cenrich,Namb,1,1,M,7.695423248,297.0858564,,,0.077030389,2.472881976,,,11,19,7,9,0,5,1.462975039,0.756802721,5632,9728,15360,3584,4608,0,3.750739751,3.988068203,4.186419489,3.55448916,3.663606708,0,93,8,1.453797388,0.723235157,1.973127854,0.954242509,37,26,3,23,4,1.579783597,1.431363764,0.602059991,1.380211242,0.698970004
e141,2010,August,254,5,Cenrich,Namb,1,1,M,6.682867558,242.755787,1.176793981,4.847645429,0.066878519,2.385169592,0.070700439,0.685530847,4,9,1,16,0,5,1.186193069,0.651612903,2048,4608,6656,512,8192,0,3.311541958,3.663606708,3.823278557,2.710117365,3.913442955,0,49,5,1.221115783,0.616496599,1.698970004,0.77815125,0,29,3,10,7,0,1.477121255,0.602059991,1.041392685,0.903089987
e141,2010,August,255,5,Cenrich,Namb,4,3,M,7.477768795,573.8929664,1.678049609,2.923976608,0.074847553,2.758830902,0.224804796,0.465973894,,,,,,,,,,,,,,,,,,,,,67,6,1.371153406,0.701492537,1.832508913,0.84509804,3,34,0,20,10,0.602059991,1.544068044,0,1.322219295,1.041392685
e141,2010,August,256,5,Cenrich,Nenrich,1,1,M,4.714003945,141.6721176,0.828491916,5.847953216,0.047157516,2.151284385,-0.081711725,0.76700389,9,0,1,3,0,3,0.790267968,0.5,4608,0,4608,512,1536,0,3.663606708,0,3.663606708,2.710117365,3.186673867,0,120,5,0.923520546,0.445098039,2.08278537,0.77815125,3,88,18,11,,0.602059991,1.949390007,1.278753601,1.079181246,0
e141,2010,August,257,5,Cenrich,Namb,1,1,M,4.877559213,127.3402265,0.790086985,6.20453573,0.048794953,2.104965618,-0.102325092,0.79270929,0,14,0,8,0,2,0.655481774,0.484848485,0,7168,7168,0,4096,0,0,3.85545858,3.85545858,0,3.612465964,0,28,4,1.255729791,0.706349206,1.462397998,0.698970004,0,16,6,6,,0,1.230448921,0.84509804,0.84509804,0
e141,2010,August,258,5,Cenrich,Nenrich,4,4,M,6.035003018,483.6898594,1.769024002,3.657351849,0.060386724,2.684566982,0.247733725,0.563166743,45,56,8,58,1,6,1.29048609,0.703367146,23040,28672,51712,4096,29696,512,4.362501324,4.457473135,4.713599733,3.612465964,4.472712579,2.710117365,71,5,1.259741947,0.653521127,1.857332496,0.77815125,0,38,10,16,7,0,1.591064607,1.041392685,1.230448921,0.903089987
e141,2010,August,259,5,Cenrich,Nenrich,4,3,M,7.568438003,370.2103659,1.630758808,4.404951773,0.075756822,2.568448575,0.212389733,0.643941158,1,47,9,35,0,5,1.036157121,0.599812997,512,24064,24576,4608,17920,0,2.710117365,4.381385866,4.390528869,3.663606708,4.25336224,0,108,7,1.352227134,0.640013846,2.037426498,0.903089987,11,25,5,60,7,1.079181246,1.414973348,0.77815125,1.785329835,0.903089987
e141,2010,August,260,5,Cenrich,Nenrich,1,1,M,4.842274463,96.34262387,0.667910098,6.932654216,0.048441688,1.98381847,-0.175281991,0.840899539,3,5,2,0,1,5,1.424129917,0.787878788,1536,2560,4096,1024,0,512,3.186673867,3.408409578,3.612465964,3.010723865,0,2.710117365,48,4,0.934646545,0.52570922,1.69019608,0.698970004,3,31,2,12,,0.602059991,1.505149978,0.477121255,1.113943352,0
e141,2010,August,261,5,Cenrich,Namb,1,1,M,4.142857143,120.6448087,0.948335817,7.860560492,0.041440431,2.081508639,-0.023037846,0.895453514,1,8,0,6,0,3,0.882310925,0.59047619,512,4096,4608,0,3072,0,2.710117365,3.612465964,3.663606708,0,3.48756256,0,31,4,1.157275083,0.662365591,1.505149978,0.698970004,0,15,4,10,2,0,1.204119983,0.698970004,1.041392685,0.477121255
e141,2010,August,262,5,Cenrich,Nenrich,1,1,M,5.466237942,206.5119048,0.960648148,4.651780968,0.054689638,2.314945092,-0.01743565,0.667619257,1,1,0,0,0,2,0.693147181,1,512,512,1024,0,0,0,2.710117365,2.710117365,3.010723865,0,0,0,103,6,1.302264161,0.62307253,2.017033339,0.84509804,16,60,11,11,5,1.230448921,1.785329835,1.079181246,1.079181246,0.77815125
e141,2010,August,263,5,Cenrich,Namb,1,1,M,7.252836305,205.7655454,1.11399932,5.413925439,0.072592102,2.313372656,0.046884926,0.73351227,1,9,1,8,1,5,1.175204597,0.663157895,512,4608,5120,512,4096,512,2.710117365,3.663606708,3.709354776,2.710117365,3.612465964,2.710117365,89,5,1.256003059,0.666496425,1.954242509,0.77815125,44,23,0,16,6,1.653212514,1.380211242,0,1.230448921,0.84509804
e141,2010,August,265,5,Cenrich,Nenrich,1,1,M,6.582433259,231.1832461,1.084375606,4.690545809,0.06587196,2.363956357,0.035179739,0.671223382,3,40,7,32,0,4,1.048476138,0.608551641,1536,20480,22016,3584,16384,0,3.186673867,4.311351158,4.342758142,3.55448916,4.214446446,0,78,5,1.312169526,0.711621712,1.897627091,0.77815125,0,26,30,16,6,0,1.431363764,1.491361694,1.230448921,0.84509804
e141,2010,August,266,5,Cenrich,Namb,1,1,M,5.247163695,174.6602523,0.676335733,3.872293346,0.052495745,2.242194083,-0.169837667,0.58796825,13,59,2,18,0,6,1.125758342,0.573464912,6656,30208,36864,1024,9216,0,3.823278557,4.480136349,4.566614238,3.010723865,3.964589587,0,154,6,1.161351574,0.606400136,2.190331698,0.84509804,2,83,13,49,7,0.477121255,1.924279286,1.146128036,1.698970004,0.903089987
e141,2010,August,268,5,Cenrich,Namb,4,1,S,,,,,,,,,,,,,,,,,,,,,,,,,,,,,,,,,,,,,,,,,,,,
e141,2010,August,269,5,Cenrich,Namb,4,1,S,,,,,,,,,,,,,,,,,,,,,,,,,,,,,,,,,,,,,,,,,,,,
e141,2010,August,271,5,Cenrich,Nenrich,1,1,M,3.858585859,114.4338446,0.651117181,5.689900427,0.03859544,2.058554489,-0.186340844,0.755104666,0,1,0,2,0,2,0.636514168,0.666666667,0,512,512,0,1024,0,0,2.710117365,2.710117365,0,3.010723865,0,14,4,0.895332666,0.494505495,1.176091259,0.698970004,0,10,2,1,1,0,1.041392685,0.477121255,0.301029996,0.301029996
e141,2010,August,273,5,Cenrich,Nenrich,1,1,M,5.20242915,191.7229696,0.992526158,5.176876618,0.052047788,2.282674147,-0.003258038,0.714067814,6,17,1,10,0,4,1.116330095,0.650623886,3072,8704,11776,512,5120,0,3.48756256,3.939768775,4.071034675,2.710117365,3.709354776,0,90,7,1.492869457,0.714606742,1.959041392,0.903089987,3,43,11,27,6,0.602059991,1.643452676,1.079181246,1.447158031,0.84509804
e141,2010,August,274,5,Cenrich,Namb,9,3,M,8.524089819,798.9858295,2.51021662,3.141753617,0.085344464,2.902539077,0.399711201,0.497172124,3,17,1,26,4,5,1.153077571,0.631372549,1536,8704,10240,512,13312,2048,3.186673867,3.939768775,4.010342366,2.710117365,4.124275932,3.311541958,66,11,,,1.826074803,1.079181246,5.892857143,24.75,15.32142857,4.714285714,15.32142857,0.838399278,1.410777233,1.212758169,0.756961951,1.212758169
e141,2010,August,276,5,Cenrich,Nenrich,1,1,M,4.004065041,366.1747477,1.744576829,4.764328617,0.040051357,2.563688391,0.2416901,0.678001709,0,4,2,9,0,4,1.10343291,0.641666667,0,2048,2048,1024,4608,0,0,3.311541958,3.311541958,3.010723865,3.663606708,0,78,7,1.42717299,0.683982684,1.897627091,0.903089987,2,41,19,9,7,0.477121255,1.62324929,1.301029996,1,0.903089987
e141,2010,August,277,5,Cenrich,Namb,1,1,M,6.709521896,245.6280505,1.023608175,4.16730977,0.067145662,2.390277961,0.010133746,0.619855784,14,4,0,9,0,4,1.215769444,0.687356322,7168,2048,9216,0,4608,0,3.85545858,3.311541958,3.964589587,0,3.663606708,0,35,5,1.168875424,0.606722689,1.556302501,0.77815125,3,21,0,7,4,0.602059991,1.342422681,0,0.903089987,0.698970004
e141,2010,August,279,5,Cenrich,Namb,1,1,M,5.587159691,202.710279,1.295733318,6.392045455,0.055900706,2.306875771,0.112515626,0.805639855,10,20,6,18,0,5,1.357919642,0.728619529,5120,10240,15360,3072,9216,0,3.709354776,4.010342366,4.186419489,3.48756256,3.964589587,0,45,7,1.449296769,0.705050505,1.662757832,0.903089987,1,25,1,11,7,0.301029996,1.414973348,0.301029996,1.079181246,0.903089987
e141,2010,August,280,5,Cenrich,Nenrich,9,4,M,10.90784359,508.2366034,1.594328836,3.136981527,0.109295907,2.70606594,0.202577901,0.496511961,5,13,1,29,3,5,1.140865885,0.610196078,2560,6656,9216,512,14848,1536,3.408409578,3.823278557,3.964589587,2.710117365,4.171697207,3.186673867,128,14,,,2.11058971,1.176091259,8.96,102.4,8.96,2.56,5.12,0.998259338,2.014520539,0.998259338,0.551449998,0.786751422
e141,2010,August,281,5,Cenrich,Namb,4,4,M,6.643780291,495.0795299,1.907989696,3.853905445,0.066486776,2.69467497,0.280576025,0.585901055,2,16,4,4,0,5,1.32175584,0.68045977,1024,8192,9216,2048,2048,0,3.010723865,3.913442955,3.964589587,3.311541958,3.311541958,0,105,8,1.398138815,0.695238095,2.025305865,0.954242509,2,44,5,40,14,0.477121255,1.653212514,0.77815125,1.612783857,1.176091259
e141,2010,August,282,5,Cenrich,Nenrich,9,4,M,10.92531641,727.6437213,3.199499374,4.397068621,0.109471685,2.861918786,0.50508203,0.643163243,3,22,1,32,5,5,1.123301246,0.62109575,1536,11264,12800,512,16384,2560,3.186673867,4.051731196,4.107243898,2.710117365,4.214446446,3.408409578,70,12,,,1.851258349,1.113943352,9.459459459,39.72972973,5.675675676,3.783783784,11.35135135,1.019509241,1.609911528,0.824495229,0.679771542,1.091714476
e141,2010,August,285,5,Cenrich,Nenrich,1,1,M,4.388459976,179.8392124,1.17847622,6.552943624,0.043898698,2.254884392,0.071320823,0.816436432,5,10,1,11,0,4,1.168063218,0.686609687,2560,5120,7680,512,5632,0,3.408409578,3.709354776,3.885417765,2.710117365,3.750739751,0,110,7,0.861337574,0.391159299,2.045322979,0.903089987,7,85,12,3,1,0.903089987,1.934498451,1.113943352,0.602059991,0.301029996
e141,2010,August,286,5,Cenrich,Nenrich,4,4,S,,,,,,,,,,,,,,,,,,,,,,,,,,,,,,,,,,,,,,,,,,,,
e141,2010,August,287,5,Cenrich,Nenrich,4,1,S,,,,,,,,,,,,,,,,,,,,,,,,,,,,,,,,,,,,,,,,,,,,
e141,2010,August,288,5,Cenrich,Namb,4,4,M,5.732226048,890.2674402,2.973434387,3.339933881,0.057353699,2.94952049,0.47325836,0.523737869,,,,,,,,,,,,,,,,,,,,,,,,,,,,,,,,,,,,
e141,2010,August,290,5,Cenrich,Nenrich,4,3,M,8.785685565,381.1865403,1.175807001,3.084597374,0.087970275,2.581137557,0.070336042,0.489198484,,,,,,,,,,,,,,,,,,,,,,,,,,,,,,,,,,,,
e141,2010,August,291,5,Cenrich,Namb,4,4,S,,,,,,,,,,,,,,,,,,,,,,,,,,,,,,,,,,,,,,,,,,,,
e141,2010,August,292,5,Cenrich,Nenrich,4,4,M,7.212121212,326.8678424,1.299467569,3.97551365,0.072183882,2.514372196,0.113765445,0.599393249,24,29,3,20,0,7,1.367734519,0.716001298,12288,14848,27136,1536,10240,0,4.089516544,4.171697207,4.433561835,3.186673867,4.010342366,0,83,6,0.869801716,0.410813988,1.924279286,0.84509804,1,64,3,7,8,0.301029996,1.812913357,0.602059991,0.903089987,0.954242509
e141,2010,August,294,5,Cenrich,Nenrich,9,4,M,7.929515419,497.7713499,2.194056704,4.407760119,0.079378488,2.697029896,0.341247848,0.644217951,54,48,3,43,7,8,1.430377335,0.725707547,27648,24576,52224,1536,22016,3584,4.441679429,4.390528869,4.717878449,3.186673867,4.342758142,3.55448916,114,6,0.949439709,0.504580034,2.06069784,0.84509804,1,75,31,4,3,0.301029996,1.880813592,1.505149978,0.698970004,0.602059991
e141,2010,August,295,5,Cenrich,Namb,1,1,M,5.304717554,262.7771363,0.90345404,3.438099877,0.053072086,2.419587576,-0.044093936,0.536318489,19,32,3,10,0,7,1.358391946,0.685689201,9728,16384,26112,1536,5120,0,3.988068203,4.214446446,4.416856769,3.186673867,3.709354776,0,211,8,0.838579492,0.357075152,2.326335861,0.954242509,4,175,6,19,5,0.698970004,2.245512668,0.84509804,1.301029996,0.77815125
e141,2010,August,296,5,Cenrich,Nenrich,4,1,S,,,,,,,,,,,,,,,,,,,,,,,,,,,,,,,,,,,,,,,,,,,,
e141,2010,August,297,5,Cenrich,Namb,4,2,M,6.25,333.4325782,1.344670001,4.032809296,0.062540762,2.523008031,0.128615716,0.605607686,,,,,,,,,,,,,,,,,,,,,,,,,,,,,,,,,,,,
e141,2010,August,298,5,Cenrich,Nenrich,4,1,S,,,,,,,,,,,,,,,,,,,,,,,,,,,,,,,,,,,,,,,,,,,,
e141,2010,August,299,5,Cenrich,Namb,9,4,M,10.32016177,367.8688292,,,0.103385694,2.56569299,,,12,50,1,32,6,5,1.178742935,0.643168317,6144,25600,31744,512,16384,3072,3.788521887,4.40825693,4.501675331,2.710117365,4.214446446,3.48756256,185,15,,,2.269512944,1.204119983,42.55,116.55,9.25,5.55,11.1,1.638988159,2.070222633,1.010723865,0.8162413,1.08278537
e141,2010,August,300,5,Cenrich,Namb,9,4,M,5.209187859,542.9538439,1.09704575,2.020513828,0.052115467,2.734762912,0.040224739,0.305461827,0,25,1,30,21,5,1.1971859,0.685314685,0,12800,12800,512,15360,10752,0,4.107243898,4.107243898,2.710117365,4.186419489,4.031529646,108,8,1.651543944,0.790931118,2.037426498,0.954242509,6,57,3,24,18,0.84509804,1.763427994,0.602059991,1.397940009,1.278753601
e141,2010,August,302,5,Cenrich,Namb,4,1,S,,,,,,,,,,,,,,,,,,,,,,,,,,,,,,,,,,,,,,,,,,,,
e141,2010,August,303,5,Cenrich,Namb,4,1,S,,,,,,,,,,,,,,,,,,,,,,,,,,,,,,,,,,,,,,,,,,,,
e141,2010,August,304,5,Cenrich,Namb,1,1,M,4.993934493,147.2179896,0.730619668,4.962842309,0.049960126,2.167960883,-0.136308641,0.695730476,4,1,1,4,0,4,1.193549604,0.733333333,2048,512,2560,512,2048,0,3.311541958,2.710117365,3.408409578,2.710117365,3.311541958,0,81,4,1.004187098,0.579012346,1.913813852,0.698970004,0,25,8,46,2,0,1.414973348,0.954242509,1.672097858,0.477121255
e141,2010,August,305,5,Cenrich,Namb,4,2,M,5.759480836,433.6467384,1.499354839,3.457548982,0.057626698,2.637136084,0.175904426,0.538768341,72,11,0,11,1,5,0.807330936,0.415350877,36864,5632,42496,0,5632,512,4.566614238,3.750739751,4.628358273,0,3.750739751,2.710117365,132,7,1.02757811,0.51653944,2.123851641,0.903089987,3,95,3,29,2,0.602059991,1.982271233,0.602059991,1.477121255,0.477121255
e141,2010,August,309,6,Camb,Namb,4,3,M,6.657223796,391.6274945,1.531584134,3.910818713,0.066621509,2.592873174,0.185140859,0.592267685,1,19,6,15,0,6,1.360257175,0.704040404,512,9728,10240,3072,7680,0,2.710117365,3.988068203,4.010342366,3.48756256,3.885417765,0,,,,,,,,,,,,,,,,
e141,2010,August,310,6,Camb,Nenrich,1,1,M,6.340468909,185.6786602,1.742065233,9.38215103,0.063447249,2.268761994,0.241064414,0.97230242,24,8,1,8,0,4,1.041758491,0.595121951,12288,4096,16384,512,4096,0,4.089516544,3.612465964,4.214446446,2.710117365,3.612465964,0,105,5,0.740199595,0.373076923,2.025305865,0.77815125,12,82,1,9,1,1.113943352,1.919078092,0.301029996,1,0.301029996
e141,2010,August,312,6,Camb,Namb,9,4,M,10.16268327,681.9521123,2.115427276,3.102017338,0.101802585,2.833753879,0.3253981,0.491644221,,,,,,,,,,,,,,,,,,,,,73,7,1.508302512,0.7347793,1.86923172,0.903089987,1,31,6,29,6,0.301029996,1.505149978,0.84509804,1.477121255,0.84509804
e141,2010,August,313,6,Camb,Namb,4,1,S,,,,,,,,,,,,,,,,,,,,,,,,,,,,,,,,,,,,,,,,,,,,
e141,2010,August,314,6,Camb,Namb,1,1,M,6.968711906,316.6860347,1.410125722,4.452756256,0.069743646,2.500628912,0.149257835,0.648628923,11,25,0,46,0,4,1.099563281,0.618057456,5632,12800,18432,0,23552,0,3.750739751,4.107243898,4.265596023,0,4.372046232,0,49,6,1.32886201,0.699829932,1.698970004,0.84509804,1,22,2,12,12,0.301029996,1.361727836,0.477121255,1.113943352,1.113943352
e141,2010,August,315,6,Camb,Namb,4,1,S,,,,,,,,,,,,,,,,,,,,,,,,,,,,,,,,,,,,,,,,,,,,
e141,2010,August,316,6,Camb,Nenrich,1,1,M,5.491153142,237.6435521,1.242737873,5.229419703,0.054939165,2.375926035,0.094379534,0.718453499,8,14,1,4,0,4,1.105929,0.643874644,4096,7168,11264,512,2048,0,3.612465964,3.85545858,4.051731196,2.710117365,3.311541958,0,67,7,1.300775533,0.633649932,1.832508913,0.903089987,1,42,11,11,2,0.301029996,1.633468456,1.079181246,1.079181246,0.477121255
e141,2010,August,317,6,Camb,Nenrich,4,2,M,8.596738474,360.7979733,1.796665002,4.979698154,0.086073627,2.557264089,0.254467108,0.697203019,14,44,1,16,1,5,1.070041682,0.594035088,7168,22528,29696,512,8192,512,3.85545858,4.352741915,4.472712579,2.710117365,3.913442955,2.710117365,106,8,1.418951601,0.669901168,2.029383778,0.954242509,8,55,7,30,6,0.954242509,1.748188027,0.903089987,1.491361694,0.84509804
e141,2010,August,318,6,Camb,Nenrich,1,1,M,4.780153288,164.6105367,1.035286394,6.289308176,0.047819756,2.216457631,0.015060507,0.798602876,6,18,2,3,0,5,1.152551392,0.604597701,3072,9216,12288,1024,1536,0,3.48756256,3.964589587,4.089516544,3.010723865,3.186673867,0,68,5,0.879658468,0.45215101,1.838849091,0.77815125,0,50,3,12,3,0,1.707570176,0.602059991,1.113943352,0.602059991
e141,2010,August,319,6,Camb,Nenrich,4,3,M,6.391207002,730.804878,2.207147696,3.020160049,0.063955661,2.863801438,0.343831396,0.480029958,14,149,17,34,2,8,1.161173275,0.542004792,7168,76288,83456,8704,17408,1024,3.85545858,4.882461922,4.921462769,3.939768775,4.240773825,3.010723865,95,7,1.499027124,0.717357223,1.982271233,0.903089987,20,49,19,7,,1.322219295,1.698970004,1.301029996,0.903089987,0
e141,2010,August,320,6,Camb,Namb,9,4,M,10.51218967,502.0345933,0.484353714,0.964781551,0.105316476,2.700733644,-0.314837366,-0.01557101,12,8,2,10,3,5,1.43642251,0.759663866,6144,4096,10240,1024,5120,1536,3.788521887,3.612465964,4.010342366,3.010723865,3.709354776,3.186673867,234,15,,,2.371067862,1.204119983,46.8,112.32,23.4,2.34,49.14,1.679427897,2.054306566,1.387389826,0.523746467,1.70018433
e141,2010,August,322,6,Camb,Namb,1,1,M,5.310802655,178.7000282,0.995049737,5.568268497,0.053133023,2.252124621,-0.002155211,0.745720168,6,37,1,9,0,5,0.873508125,0.479680697,3072,18944,22016,512,4608,0,3.48756256,4.27749461,4.342758142,2.710117365,3.663606708,0,40,6,1.321446152,0.682051282,1.612783857,0.84509804,0,20,8,10,2,0,1.322219295,0.954242509,1.041392685,0.477121255
e141,2010,August,323,6,Camb,Namb,1,1,M,7.216914007,263.2250373,0.426063918,1.618629908,0.072231935,2.420327196,-0.370525243,0.209147561,22,26,4,24,1,5,1.297936417,0.713602187,11264,13312,24576,2048,12288,512,4.051731196,4.124275932,4.390528869,3.311541958,4.089516544,2.710117365,128,5,1.275271941,0.690575787,2.11058971,0.77815125,16,49,1,48,14,1.230448921,1.698970004,0.301029996,1.69019608,1.176091259
e141,2010,August,324,6,Camb,Nenrich,9,4,M,9.588734913,411.2278349,2.172227415,5.282296651,0.096034898,2.614082503,0.33690529,0.722822787,3,1,0,8,0,3,0.823959217,0.53030303,1536,512,2048,0,4096,0,3.186673867,2.710117365,3.311541958,0,3.612465964,0,291,12,,,2.465382851,1.113943352,80.67326733,115.2475248,63.38613861,0,31.69306931,1.91207993,2.065383714,1.80879238,0,1.514455695
e141,2010,August,325,6,Camb,Namb,4,3,M,6.634304207,270.655754,1.235119048,4.563431701,0.066391806,2.432417264,0.091708819,0.659291555,20,33,0,34,0,4,1.12284076,0.665882968,10240,16896,27136,0,17408,0,4.010342366,4.227809604,4.433561835,0,4.240773825,0,180,6,1.071049304,0.593544382,2.257678575,0.84509804,0,65,6,95,14,0,1.819543936,0.84509804,1.982271233,1.176091259
e141,2010,August,326,6,Camb,Nenrich,4,4,S,,,,,,,,,2,2,1,0,0,3,1.054920168,0.8,1024,1024,2048,512,0,0,3.010723865,3.010723865,3.311541958,2.710117365,0,0,,,,,,,,,,,,,,,,
e141,2010,August,327,6,Camb,Nenrich,1,1,M,4.531722054,69.1243629,0.76146789,11.01591187,0.045332746,1.839631142,-0.118348406,1.042020453,,,,,,,,,,,,,,,,,,,,,7,3,0.79631164,0.523809524,0.903089987,0.602059991,0,5,0,1,1,0,0.77815125,0,0.301029996,0.301029996
e141,2010,August,328,6,Camb,Nenrich,4,3,M,7.869249395,651.8083188,1.87301241,2.873563218,0.078773938,2.814119899,0.272540655,0.458420756,10,58,2,51,3,7,1.15583124,0.621968254,5120,29696,34816,1024,26112,1536,3.709354776,4.472712579,4.541791347,3.010723865,4.416856769,3.186673867,74,4,1.080842556,0.63050722,1.875061263,0.698970004,0,31,0,11,32,0,1.505149978,0,1.079181246,1.51851394
e141,2010,August,329,6,Camb,Namb,1,1,M,5.25030525,154.2045471,0.648730193,4.206945936,0.052527204,2.18809718,-0.187935889,0.623966931,2,37,1,22,0,4,0.853050658,0.525118985,1024,18944,19968,512,11264,0,3.010723865,4.27749461,4.300356317,2.710117365,4.051731196,0,27,6,1.559743138,0.783475783,1.447158031,0.84509804,0,10,5,10,2,0,1.041392685,0.77815125,1.041392685,0.477121255
e141,2010,August,330,6,Camb,Namb,1,1,M,6.112469438,262.888562,1.220844715,4.643962848,0.061162821,2.419771691,0.086660428,0.666888737,7,59,3,15,1,7,1.073939491,0.51907001,3584,30208,33792,1536,7680,512,3.55448916,4.480136349,4.528826748,3.186673867,3.885417765,2.710117365,28,5,1.449078088,0.761904762,1.462397998,0.77815125,0,14,0,7,7,0,1.176091259,0,0.903089987,0.903089987
e141,2010,August,331,6,Camb,Namb,1,1,M,8.326530612,288.3443158,1.047662511,3.633373206,0.083361822,2.459911395,0.020221404,0.560310009,8,17,2,29,1,5,1.168699818,0.642230576,4096,8704,12800,1024,14848,512,3.612465964,3.939768775,4.107243898,3.010723865,4.171697207,2.710117365,80,5,1.051225898,0.55,1.908485019,0.77815125,4,15,1,51,9,0.698970004,1.204119983,0.301029996,1.716003344,1
e141,2010,August,332,6,Camb,Namb,4,4,M,7.738937159,501.259892,1.845050372,3.680825859,0.07746683,2.700062956,0.266008227,0.565945271,7,41,2,14,0,5,1.032680766,0.551442308,3584,20992,24576,1024,7168,0,3.55448916,4.322074506,4.390528869,3.010723865,3.85545858,0,131,6,0.870113042,0.442278332,2.120573931,0.84509804,0,23,2,98,8,0,1.380211242,0.477121255,1.995635195,0.954242509
e141,2010,August,333,6,Camb,Nenrich,1,1,M,5.894308943,344.9190785,1.392894168,4.03832161,0.058977274,2.537717217,0.14391812,0.606200903,,,,,,,,,,,,,,,,,,,,,,,,,,,,,,,,,,,,
e141,2010,August,334,6,Camb,Namb,4,3,M,5.796808726,288.7560034,1.13359777,3.925798102,0.058000601,2.460531022,0.054458983,0.593927961,18,79,5,38,1,6,1.128443004,0.605733693,9216,40448,49664,2560,19456,512,3.964589587,4.606907789,4.69605044,3.408409578,4.289075879,2.710117365,97,9,1.370733308,0.609536082,1.991226076,1,2,61,8,20,5,0.477121255,1.792391689,0.954242509,1.322219295,0.77815125
e141,2010,August,335,6,Camb,Nenrich,9,4,M,8.959421454,584.5895852,1.705052957,2.916666667,0.089714514,2.766851074,0.231737872,0.464886798,14,32,6,101,1,5,0.980276755,0.520244461,7168,16384,23552,3072,51712,512,3.85545858,4.214446446,4.372046232,3.48756256,4.713599733,2.710117365,108,7,1.257013412,0.643648321,2.037426498,0.903089987,2,55,3,38,10,0.477121255,1.748188027,0.602059991,1.591064607,1.041392685
e141,2010,August,336,6,Camb,Namb,1,1,M,5.612244898,324.6062703,1.419524324,4.373065015,0.056151953,2.511356905,0.152142839,0.640785934,5,10,1,7,0,4,1.192258932,0.699604743,2560,5120,7680,512,3584,0,3.408409578,3.709354776,3.885417765,2.710117365,3.55448916,0,175,7,0.775152969,0.334449918,2.245512668,0.903089987,2,142,14,3,12,0.477121255,2.155336037,1.176091259,0.602059991,1.113943352
e141,2010,August,337,6,Camb,Namb,4,2,S,,,,,,,,,,,,,,,,,,,,,,,,,,,,,,,,,,,,,,,,,,,,
e141,2010,August,338,6,Camb,Nenrich,1,1,M,5.36437247,291.2249554,,,0.053669486,2.464228587,,,7,10,3,4,0,5,1.455229975,0.766153846,3584,5120,8704,1536,2048,0,3.55448916,3.709354776,3.939768775,3.186673867,3.311541958,0,158,7,1.500597329,0.709425139,2.201397124,0.903089987,7,74,24,40,13,0.903089987,1.875061263,1.397940009,1.612783857,1.146128036
e141,2010,August,339,6,Camb,Namb,1,1,M,8.017048914,532.6260665,2.448609885,4.597240051,0.080256619,2.726422417,0.388919598,0.662497182,4,32,4,45,1,6,1.094715983,0.599572307,2048,16384,18432,2048,23040,512,3.311541958,4.214446446,4.265596023,3.311541958,4.362501324,2.710117365,134,5,1.324909487,0.671978454,2.130333768,0.77815125,0,69,16,25,17,0,1.84509804,1.230448921,1.414973348,1.255272505
e141,2010,August,340,6,Camb,Nenrich,4,1,S,,,,,,,,,,,,,,,,,,,,,,,,,,,,,,,,,,,,,,,,,,,,
e141,2010,August,342,6,Camb,Nenrich,1,1,M,4.061426551,97.64911542,0.7831508,8.020050125,0.040625439,1.989668313,-0.106154604,0.904177083,8,9,0,6,1,5,1.427061043,0.766381766,4096,4608,8704,0,3072,512,3.612465964,3.663606708,3.939768775,0,3.48756256,2.710117365,33,4,1.023265143,0.560606061,1.531478917,0.698970004,4,21,2,6,,0.698970004,1.342422681,0.477121255,0.84509804,0
e141,2010,August,343,6,Camb,Namb,1,1,M,7.738937159,412.6126442,1.628734122,3.947368421,0.07746683,2.615542532,0.211850195,0.596307662,13,36,2,41,6,5,1.250841669,0.675152535,6656,18432,25088,1024,20992,3072,3.823278557,4.265596023,4.399483352,3.010723865,4.322074506,3.48756256,199,7,1.428473187,0.699253845,2.301029996,0.903089987,11,66,21,85,16,1.079181246,1.826074803,1.342422681,1.934498451,1.230448921
e141,2010,August,345,6,Camb,Namb,1,1,M,6.568607697,285.6760837,1.428380418,5,0.065733404,2.455873883,0.154843888,0.698970004,19,19,5,32,0,4,1.239629185,0.694414414,9728,9728,19456,2560,16384,0,3.988068203,3.988068203,4.289075879,3.408409578,4.214446446,0,28,4,1.057504115,0.619047619,1.462397998,0.698970004,1,15,0,9,3,0.301029996,1.204119983,0,1,0.602059991
e141,2010,August,346,6,Camb,Namb,4,4,M,6.588282992,303.4447338,1.702148438,5.609418283,0.065930585,2.482079605,0.23099743,0.748917826,,,,,,,,,,,,,,,,,,,,,68,7,1.344576081,0.614574188,1.838849091,0.903089987,2,41,7,12,6,0.477121255,1.62324929,0.903089987,1.113943352,0.84509804
e141,2010,August,347,6,Camb,Namb,1,1,M,6.446381512,384.3118815,1.825460455,4.749945403,0.064508546,2.584683812,0.261372429,0.676688618,7,37,0,9,0,5,0.970963094,0.513131313,3584,18944,22528,0,4608,0,3.55448916,4.27749461,4.352741915,0,3.663606708,0,98,7,1.269285321,0.621712603,1.995635195,0.903089987,3,56,12,24,3,0.602059991,1.755874856,1.113943352,1.397940009,0.602059991
e141,2010,August,348,6,Camb,Nenrich,4,1,S,,,,,,,,,,,,,,,,,,,,,,,,,,,,,,,,,,,,,,,,,,,,
e141,2010,August,349,6,Camb,Nenrich,1,1,M,,383.2986111,1.97919482,5.163584637,,2.583537246,0.296488546,0.7129513,6,3,0,2,0,4,1.27118148,0.743589744,3072,1536,4608,0,1024,0,3.48756256,3.186673867,3.663606708,0,3.010723865,0,,,,,,,,,,,,,,,,
e141,2010,August,350,6,Camb,Nenrich,4,1,S,,,,,,,,,,,,,,,,,,,,,,,,,,,,,,,,,,,,,,,,,,,,
e141,2010,August,351,6,Camb,Nenrich,4,1,S,,,,,,,,,,,,,,,,,,,,,,,,,,,,,,,,,,,,,,,,,,,,
e141,2010,August,352,6,Camb,Nenrich,1,1,M,5.761400651,236.8850004,1.175258744,4.961305032,0.057645928,2.374537562,0.070133491,0.695595929,1,17,1,15,0,4,0.915025823,0.570409982,512,8704,9216,512,7680,0,2.710117365,3.939768775,3.964589587,2.710117365,3.885417765,0,65,6,1.488090777,0.737980769,1.819543936,0.84509804,9,27,6,17,6,1,1.447158031,0.84509804,1.255272505,0.84509804
e141,2010,August,353,6,Camb,Nenrich,4,3,M,6.579476861,451.7359466,2.127288391,4.709141274,0.065842332,2.654884651,0.32782637,0.672941719,1,7,1,3,0,7,1.58023634,0.771428571,512,3584,4096,512,1536,0,2.710117365,3.55448916,3.612465964,2.710117365,3.186673867,0,49,7,1.749206991,0.828231293,1.698970004,0.903089987,0,13,12,15,9,0,1.146128036,1.113943352,1.204119983,1
e141,2010,August,357,6,Camb,Nenrich,9,4,M,10.1262968,492.9458728,1.643867634,3.334783239,0.101436833,2.692799235,0.215866845,0.52306761,10,3,0,2,0,3,0.860851391,0.533333333,5120,1536,6656,0,1024,0,3.709354776,3.186673867,3.823278557,0,3.010723865,0,202,13,,,2.307496038,1.146128036,69.31372549,85.15686275,27.7254902,0,19.80392157,1.847040109,1.935289876,1.458267449,0,1.318145208
e141,2010,August,359,6,Camb,Namb,4,4,S,,,,,,,,,,,,,,,,,,,,,,,,,,,,,,,,,,,,,,,,,,,,
e141,2010,August,361,6,Camb,Namb,9,4,M,8.828748891,324.86853,2.08554489,6.419658099,0.088402589,2.511707643,0.319219542,0.807511899,2,1,2,13,0,4,0.883875626,0.477124183,1024,512,1536,1024,6656,0,3.010723865,2.710117365,3.186673867,3.010723865,3.823278557,0,164,13,,,2.217483944,1.146128036,0,121.36,9.84,8.2,24.6,0,2.087639468,1.035029282,0.963787827,1.408239965
e141,2010,August,362,6,Camb,Nenrich,1,1,M,5.042527339,177.3522428,1.464355649,8.256764195,0.050446667,2.248836685,0.165646567,0.916809882,8,3,2,12,6,9,1.963065506,0.853820598,4096,1536,5632,1024,6144,3072,3.612465964,3.186673867,3.750739751,3.010723865,3.788521887,3.48756256,32,3,0.912630387,0.574596774,1.51851394,0.602059991,0,11,0,3,18,0,1.079181246,0,0.602059991,1.278753601
e141,2010,August,363,6,Camb,Namb,4,1,S,,,,,,,,,,,,,,,,,,,,,,,,,,,,,,,,,,,,,,,,,,,,
e141,2010,August,364,6,Camb,Namb,4,1,S,,,,,,,,,,,,,,,,,,,,,,,,,,,,,,,,,,,,,,,,,,,,
e141,2010,August,365,6,Camb,Nenrich,4,2,M,5.997576737,309.8666667,2.212576897,7.140415975,0.060011782,2.49117486,0.344898373,0.853723513,,,,,,,,,,,,,,,,,,,,,,,,,,,,,,,,,,,,
e141,2010,August,366,6,Camb,Nenrich,1,1,M,5.945616883,441.4012226,,,0.059491255,2.644833532,,,2,14,6,15,0,5,1.276943875,0.698435277,1024,7168,8192,3072,7680,0,3.010723865,3.85545858,3.913442955,3.48756256,3.885417765,0,247,7,1.21595072,0.599749844,2.394451681,0.903089987,0,150,26,36,35,0,2.178976947,1.431363764,1.568201724,1.556302501
